시장정보,지번 주소,도로명 주소,지리정보,시장개설주기,시장유형,취급품목,점포수,홈페이지주소,시도군
청담삼익시장,서울특별시 강남구 청담동 134-20,서울특별시 강남구 학동로 101길 26,"{'latitude': '37.5223088', 'longitude': '127.0577511'}",매일,상설장,"농산물,축산물,가공식품,의류/신발,기타소매업",183,,서울
길동복조리시장,서울특별시 강동구 천호대로193길 37,서울특별시 강동구 길동 400,"{'latitude': '37.5370211', 'longitude': '127.1437013'}",매일,상설장,"농산물,축산물,수산물,가공식품,음식점업",166,,서울
까치산시장,서울특별시 강서구  화곡동 342-16,서울특별시 강서구 강서로 12길 14,"{'latitude': '37.5315384', 'longitude': '126.8478438'}",매일,상설장,"농산물,축산물,수산물,가공식품,의류/신발",138,,서울
남부골목시장,서울특별시 강서구 화곡동 797-7,서울특별시 강서구 곰달래로 55길4(화곡동),"{'latitude': '37.5322967', 'longitude': '126.8608422'}",매일,상설장,"농산물,축산물,수산물,가공식품,의류/신발",153,,서울
신림중앙시장,서울특별시 관악구 조원동 541,서울특별시 관악구 조원로16길 27,"{'latitude': '37.4832209', 'longitude': '126.9114370'}",매일,상설장,"농산물,축산물,수산물,가공식품,의류/신발",292,,서울
광성시장,서울특별시 광진구 중곡동 229-15,서울특별시 광진구 능동로 47길 30,"{'latitude': '37.5636030', 'longitude': '127.0811516'}",매일,상설장,"농산물,축산물,수산물,가공식품,가정용품",132,,서울
자양전통시장,서울특별시 광진구 자양동 613-11 일원,서울특별시 광진구 뚝섬로47길 45-2,"{'latitude': '37.5343871', 'longitude': '127.0792012'}",매일,상설장,"농산물,축산물,수산물,가공식품,음식점업",136,,서울
중곡제일전통시장(중곡제일시장),서울특별시 광진구 중곡동 221-6번지,서울특별시 광진구 긴고랑로11길 14,"{'latitude': '37.5638677', 'longitude': '127.0819560'}",매일,상설장,"농산물,축산물,가공식품,의류/신발,기타소매업",137,,서울
구로시장,서울특별시 구로구 구로동734-17 2층,서울특별시 구로구 구로동로22길 17-4,"{'latitude': '37.4896430', 'longitude': '126.8856434'}",매일,상설장,"농산물,가공식품,의류/신발,기타소매업,근린생활서비스",159,https://geunrinsijang.modoo.at,서울
남구로시장,서울특별시 구로구 구로2동 730-52,서울특별시 구로구 구로동로26길 41,"{'latitude': '37.4902676', 'longitude': '126.8864580'}",매일,상설장,"농산물,축산물,수산물,가공식품,의류/신발",184,,서울
비단길현대시장,서울특별시 금천구 시흥동 828-45,서울특별시 금천구 독산로 27길 52,"{'latitude': '37.4513633', 'longitude': '126.9093480'}",매일,상설장,"농산물,축산물,수산물,의류/신발,음식점업",228,,서울
경동시장,서울특별시 동대문구 제기동 1015,서울특별시 동대문구 왕산로 147,"{'latitude': '37.5787794', 'longitude': '127.0396774'}",매일,상설장,"농산물,수산물,근린생활서비스",678,,서울
서울약령시장,서울특별시 동대문구  제기동 1082,서울특별시 동대문구 약령중앙로26,"{'latitude': '37.5806721', 'longitude': '127.0376428'}",매일,상설장,"농산물,근린생활서비스",1007,,서울
청량리종합시장,서울특별시 동대문구 제기동 998,서울특별시 동대문구 경동시장로 3-1,"{'latitude': '37.5793683', 'longitude': '127.0408622'}",매일,상설장,"농산물,수산물,가공식품,기타소매업",135,,서울
청량리청과물시장,서울특별시 동대문구 제기동 995,서울특별시 동대문구 경동시장로 7,"{'latitude': '37.5795796', 'longitude': '127.0407541'}",매일,상설장,농산물,150,,서울
남성시장,서울특별시 동작구 사당동 88-3,서울특별시 동작구 동작대로29길 8(사당동),"{'latitude': '37.4881637', 'longitude': '126.9815591'}",매일,상설장,"농산물,축산물,수산물,가공식품,기타소매업",153,,서울
공덕시장,서울특별시 마포구 공덕동 256-10,서울특별시 마포구 만리재로 19 (공덕동),"{'latitude': '37.5448119', 'longitude': '126.9533786'}",매일,상설장,"농산물,축산물,기타소매업",170,,서울
아현시장,서울특별시 마포구 아현동 327-40,서울특별시 마포구 아현동 굴레방로 7길 8,"{'latitude': '37.5563938', 'longitude': '126.9550612'}",매일,상설장,"농산물,축산물,수산물,의류/신발,기타소매업",150,,서울
영천시장,서울특별시 서대문구 영천동 323,서울특별시 서대문구 통일로 189-1 영천시장,"{'latitude': '37.5703315', 'longitude': '126.9618560'}",매일,상설장,"농산물,축산물,수산물,가공식품,기타소매업",135,,서울
인왕시장,서울특별시 서대문구 홍제3동 298-7,서울특별시 서대문구 인왕시장길 24(홍제동),"{'latitude': '37.5910687', 'longitude': '126.9432056'}",매일,상설장,"농산물,축산물,수산물,가공식품,기타소매업",158,,서울
남부종합시장,서울특별시 서초구 방배동 767-1 남부종합시장,서울특별시 서초구 방배중앙로 27길 17,"{'latitude': '37.4949317', 'longitude': '126.9848727'}",매일,상설장,"가공식품,기타소매업,근린생활서비스",134,,서울
뚝도시장,서울특별시 성동구 성수동2가 335-16,서울특별시 성동구 성수이로 32-15,"{'latitude': '37.5378191', 'longitude': '127.0548536'}",매일,상설장,"농산물,축산물,수산물,가공식품,의류/신발",133,,서울
마장축산물시장,"서울특별시 성동구 마장동 439-1, 4층","서울특별시 성동구 마장로35길 68, 4층","{'latitude': '37.5706640', 'longitude': '127.0412886'}",매일,상설장,"축산물,가공식품",1900,,서울
용답상가시장,서울특별시 성동구 용답동 57-17,서울특별시 성동구 용답중앙길 59,"{'latitude': '37.5641836', 'longitude': '127.0525641'}",매일,상설장,"농산물,축산물,수산물,의류/신발,기타소매업",175,,서울
길음시장,서울특별시 성북구 길음동 535-8 길음시장,서울특별시 성북구 동소문로 227(길음동),"{'latitude': '37.6027181', 'longitude': '127.0217764'}",매일,상설장,"농산물,축산물,수산물,의류/신발,기타소매업",138,,서울
마천중앙시장,서울특별시 송파구 마천동 146-7,"서울특별시 송파구 마천로45길, 2층","{'latitude': '37.4983916', 'longitude': '127.1514072'}",매일,상설장,"농산물,축산물,수산물,가정용품,음식점업",139,,서울
방이시장,서울특별시 송파구 방이동 137-8,서울특별시 송파구 가락로 243,"{'latitude': '37.5103815', 'longitude': '127.1175702'}",매일,상설장,"농산물,축산물,수산물,가공식품,기타소매업",136,,서울
풍납시장,서울특별시 송파구 풍납동 142-1,서울특별시 송파구 바람드리길 34(풍납동),"{'latitude': '37.5375689', 'longitude': '127.1194939'}",매일,상설장,"농산물,축산물,수산물,가공식품,기타소매업",160,,서울
대신시장,서울특별시 영등포구 신길동 116-15,서울특별시 영등포구 도신로 60길 7,"{'latitude': '37.5110955', 'longitude': '126.9175960'}",매일,상설장,"농산물,축산물,수산물,의류/신발",202,,서울
용산용문시장,서울특별시 용산구 효창원로40길 13,서울특별시 용산구 효창원로40길 13(용문동),"{'latitude': '37.5366334', 'longitude': '126.9597889'}",매일,상설장,"농산물,축산물,수산물,가공식품,기타소매업",155,,서울
광장시장,서울특별시 종로구 예지동 2-1,서울특별시 종로구 창경궁로 88,"{'latitude': '37.5703015', 'longitude': '126.9987116'}",매일,상설장,"수산물,가공식품,의류/신발,기타소매업",300,,서울
동대문종합시장,서울특별시 종로구 종로6가 289-3 동대,서울특별시 종로구 종로 266 동대문종합시장,"{'latitude': '37.5703939', 'longitude': '127.0089121'}",매일,상설장,"의류/신발,근린생활서비스업",4300,,서울
동대문종합시장D동상가,서울특별시 종로구 종로6가 262-1 동대문종합시장디동,서울특별시 종로구 종로266종합시장디동,"{'latitude': '37.5708030', 'longitude': '127.0069193'}",매일,상설장,근린생활서비스,1050,,서울
동문시장㈜,서울특별시 종로구 창신동 436-41 동문상가,서울특별시 종로구 종로44길 14,"{'latitude': '37.5704515', 'longitude': '127.0113908'}",매일,상설장,가정용품,320,,서울
신설종합시장,서울특별시 종로구 숭인동 206-9 신설종합시장,서울특별시 종로구 난계로27길 51,"{'latitude': '37.5726722', 'longitude': '127.0203594'}",매일,상설장,근린생활서비스업,156,,서울
한일상가,서울특별시 종로구 종로5가 314-7 청오가방도매상가,서울특별시 종로구 청계천로 229(종로5가),"{'latitude': '37.5701085', 'longitude': '127.0030434'}",매일,상설장,"의류/신발,근린생활서비스",228,www.tonginmarket.co.kr,서울
동대문종합시장 신관(동대문쇼핑타운),서울특별시 종로구 종로 266 동대문종합시장 신관지하1층81호,서울특별시 종로구 종로 272(종로6가),"{'latitude': '37.5707065', 'longitude': '127.0073287'}",매일,상설장,"의류/신발,근린생활서비스업",400,,서울
광희패션몰,서울특별시 중구 신당동 777 광희시장,서울특별시 중구 마장로1길 21,"{'latitude': '37.5686547', 'longitude': '127.0119141'}",매일,상설장,"의류/신발,가정용품",1190,,서울
남대문시장,서울특별시 중구 남창동 49-1,서울특별시 중구 남대문시장4길 21,"{'latitude': '37.5594165', 'longitude': '126.9779413'}",매일,상설장,"가공식품,의류/신발,음식점업,기타소매업,근린생활서비스",5400,,서울
남평화시장,서울특별시 중구 신당동 772 남평화시장,서울특별시 중구 장충단로 282-10(신당동),"{'latitude': '37.5691897', 'longitude': '127.0108985'}",매일,상설장,의류/신발,500,namdaemunmarket.co.kr,서울
대림상가,서울특별시 중구 을지로 4가 157번지,서울특별시 중구 을지로 201(을지로4가),"{'latitude': '37.5669383', 'longitude': '127.0004019'}",매일,상설장,근린생활서비스,410,,서울
동평화시장,서울특별시 중구 신당동 217-92 동평화의류상가,서울특별시 중구 청계천로 318 동평화시장 7층,"{'latitude': '37.5694788', 'longitude': '127.0139448'}",매일,상설장,의류/신발,1280,,서울
동화상가,서울특별시 중구 을지로6가 17-415,서울특별시 중구 장충단로13길 34 동화상가,"{'latitude': '37.5686150', 'longitude': '127.0069340'}",매일,상설장,의류/신발,975,,서울
방산종합시장,서울특별시 중구 주교동 19-1 방산종합시장,서울특별시 중구 동호로37길 20(주교동),"{'latitude': '37.5687043', 'longitude': '127.0008111'}",매일,상설장,근린생활서비스,1240,,서울
에리어식스(벨포스트),서울특별시 중구 신당동 776 서울운동장 평화시장,서울특별시 중구 마장로 19(신당동),"{'latitude': '37.5681513', 'longitude': '127.0120037'}",매일,상설장,의류/신발,393,,서울
삼익패션타운,서울특별시 중구 남창동 5 삼익패션타운,서울특별시 중구 남대문시장 8길 7 삼익패션타운,"{'latitude': '37.5601789', 'longitude': '126.9789772'}",매일,상설장,"의류/신발,가정용품,근린생활서비스",1062,,서울
서울중앙시장,서울특별시 중구 황학동 442,서울특별시 중구 퇴계로 85길 36,"{'latitude': '37.5673964', 'longitude': '127.0197808'}",매일,상설장,"농산물,축산물,수산물,가공식품,기타소매업",216,,서울
숭례문수입상가,서울특별시 중구 남창동 51-1 롯데손해보험빌딩,서울특별시 중구 소월로 3,"{'latitude': '37.5594320', 'longitude': '126.9762306'}",매일,상설장,음식점업,565,,서울
신중부시장,서울특별시 중구 오장동 44-8 중부빌딩,서울특별시 중구 을지로30길 29(오장동),"{'latitude': '37.5655159', 'longitude': '126.9995253'}",매일,상설장,"농산물,축산물,수산물",749,,서울
신평화패션타운,서울특별시 중구 신당동 217-1 신평화상가,서울특별시 중구 청계천로 298(신당동),"{'latitude': '37.5694444', 'longitude': '127.0115766'}",매일,상설장,의류/신발,1266,,서울
약수시장,서울특별시 중구 신당동 368-54,서울특별시 중구 다산로 114-7(신당동),"{'latitude': '37.5540255', 'longitude': '127.0107698'}",매일,상설장,"축산물,가공식품,기타소매업",219,,서울
자유상가,서울특별시 중구 회현동1가 202-1,서울특별시 중구 남대문로 36(회현동1가),"{'latitude': '37.5612220', 'longitude': '126.9801455'}",매일,상설장,근린생활서비스업,180,,서울
제일평화시장,서울특별시 중구 신당동 775 제일평화시장,서울특별시 중구 마장로 13(신당동),"{'latitude': '37.5684668', 'longitude': '127.0114130'}",매일,상설장,의류/신발,800,,서울
청평화시장,서울특별시 중구 신당동 217-91 청평화시장,서울특별시 중구 청계천로 334(신당동),"{'latitude': '37.5694828', 'longitude': '127.0149512'}",매일,상설장,의류/신발,1037,jeilpyunghwa.com,서울
통일상가,서울특별시 중구 을지로6가 17-18,서울특별시 중구 청계천로 260-14,"{'latitude': '37.5688578', 'longitude': '127.0063231'}",매일,상설장,"의류/신발,근린생활서비스",627,,서울
평화시장,서울특별시 중구 을지로6가 17-48,서울특별시 중구 청계천로 274,"{'latitude': '37.5694663', 'longitude': '127.0080847'}",매일,상설장,의류/신발,2170,tongil55.com,서울
사가정시장,서울특별시 중랑구 면목동 472-45,서울특별시 중랑구 면목로44길 16,"{'latitude': '37.5811362', 'longitude': '127.0894165'}",매일,상설장,"농산물,축산물,가공식품,음식점업,기타소매업",135,,서울
신아타운,서울특별시 중랑구 신내동 666 신아타운,서울특별시 중랑구 봉화산로 194(신내동),"{'latitude': '37.6064215', 'longitude': '127.0947460'}",매일,상설장,"의류/신발,가정용품,음식점업,기타소매업",150,,서울
부곡상가시장,부산광역시 금정구 부곡동 304-1,부산광역시 금정구 부곡로107,"{'latitude': '35.2256415', 'longitude': '129.0913805'}",매일,상설장,"농산물,축산물,수산물,가공식품,기타소매업",136,,부산
서동전통골목시장,부산광역시 금정구 서3동 338-7,부산광역시 금정구 서동로 143,"{'latitude': '35.2152324', 'longitude': '129.1025365'}",매일,상설장,"농산물,축산물,수산물,가공식품,기타소매업",175,,부산
서동향토시장,부산광역시 금정구 서동 194-1,부산광역시 금정구 서부로 21-1,"{'latitude': '35.2159376', 'longitude': '129.1033272'}",매일,상설장,"농산물,가공식품,의류/신발,기타소매업",153,,부산
기장시장,부산광역시 기장군 기장읍 대라리 68-5,부산광역시 기장군 기장읍 원내로 104번길 16,"{'latitude': '35.2440266', 'longitude': '129.2154428'}",매일,상설장,"농산물,수산물,가공식품,의류/신발,기타소매업",149,,부산
동성하이타운시장,부산광역시 남구 대연1동 1756-9,부산광역시 남구 천제등로11,"{'latitude': '35.1336053', 'longitude': '129.0875046'}",매일,상설장,"가공식품,의류/신발,가정용품,음식점업,기타소매업",340,,부산
못골골목시장,부산광역시 남구 대연5동 1416-23,부산광역시 남구 못골로 66-1,"{'latitude': '35.1358531', 'longitude': '129.0896374'}",매일,상설장,"농산물,축산물,의류/신발,가정용품,기타소매업",150,,부산
우암골목시장,부산광역시 남구 우암동 226-17,부산광역시 남구 장고개로 9-1,"{'latitude': '35.1232348', 'longitude': '129.0780497'}",매일,상설장,"농산물,축산물,수산물,가공식품,기타소매업",130,,부산
부산자유시장,부산광역시 동구 범일동 830-24,부산광역시 동구 조방로 48,"{'latitude': '35.1409810', 'longitude': '129.0610662'}",매일,상설장,"의류/신발,가정용품,음식점업,근린생활서비스",1776,,부산
부산남문시장,부산광역시 동구 범일동 290-3,부산광역시 동구 범일로65번길 8,"{'latitude': '35.1358930', 'longitude': '129.0587242'}",매일,상설장,의류/신발,192,jayu8785@hanmail.net,부산
부산진시장,부산광역시 동구 범일동 290- 1,부산광역시 동구 진시장로 24,"{'latitude': '35.1362089', 'longitude': '129.0587077'}",매일,상설장,"의류/신발,가정용품,음식점업",1070,,부산
초량전통시장,부산광역시 동구 초량동 308- 1,부산광역시 동구 초량로13번길 24,"{'latitude': '35.1180527', 'longitude': '129.0396471'}",매일,상설장,"농산물,축산물,수산물,가공식품,기타소매업",158,,부산
동래시장,부산광역시 동래구 복천동 229-42,부산광역시 동래구 동래시장길14,"{'latitude': '35.2037403', 'longitude': '129.0863498'}",매일,상설장,"농산물,축산물,수산물,가공식품,기타소매업",343,,부산
사직시장,부산광역시 동래구 사직동49-1,부산광역시 동래구 사직북로34번길 48,"{'latitude': '35.2000281', 'longitude': '129.0622805'}",매일,상설장,"농산물,축산물,수산물,가공식품,음식점업",140,,부산
수안인정시장,부산광역시 동래구 수안동275-2,부산광역시 동래구 충렬대로245번길 8,"{'latitude': '35.2015104', 'longitude': '129.0865767'}",매일,상설장,"축산물,수산물,가공식품,가정용품,기타소매업",243,,부산
개금골목시장,부산광역시 부산진구 개금동 173-2,부산광역시 부산진구 가야공원로 14번길 85,"{'latitude': '35.1519011', 'longitude': '129.0248031'}",매일,상설장,"농산물,축산물,수산물,가공식품",195,,부산
부산전자종합시장,부산광역시 부산진구 부전동 27-1,부산광역시 부산진구 부전로 196,"{'latitude': '35.1635180', 'longitude': '129.0625543'}",매일,상설장,음식점업,135,,부산
부산평화시장,부산광역시 부산진구 범천1동 839-52,부산광역시 부산진구 자유평화로 7,"{'latitude': '35.1420050', 'longitude': '129.0609589'}",매일,상설장,"가공식품,의류/신발,가정용품",900,,부산
부전농수산물새벽시장,부산광역시 부산진구 부전동 347-1,부산광역시 부산진구 부전로 156,"{'latitude': '35.1622602', 'longitude': '129.0583035'}",매일,상설장,"농산물,축산물,수산물,가공식품,기타소매업",330,,부산
부전상가,부산광역시 부산진구 부전동 265-25,부산광역시 부산진구 중앙대로 755번길 21,"{'latitude': '35.1603569', 'longitude': '129.0595510'}",매일,상설장,"농산물,축산물,수산물,가공식품,기타소매업",735,,부산
부전시장,부산광역시 부산진구 부전동 573-3,부산광역시 부산진구 중앙대로 783번길 23,"{'latitude': '35.1633454', 'longitude': '129.0610308'}",매일,상설장,"농산물,축산물,수산물,가공식품,의류/신발",229,,부산
서면시장,부산광역시 부산진구 부전동 256-6,부산광역시 부산진구 서면로 56,"{'latitude': '35.1556420', 'longitude': '129.0581363'}",매일,상설장,"농산물,수산물,가공식품,의류/신발,기타소매업",209,,부산
서면종합시장,부산광역시 부산진구 부전동 347-40,부산광역시 부산진구 부전로 162번길 28,"{'latitude': '35.1619704', 'longitude': '129.0589557'}",매일,상설장,"농산물,가공식품,의류/신발,음식점업,근린생활서비스",260,,부산
서면중앙시장,부산광역시 부산진구 전포2동 608-1,부산광역시 부산진구 동성로 143,"{'latitude': '35.1608924', 'longitude': '129.0633194'}",매일,상설장,"음식점업,기타소매업,근린생활서비스",150,,부산
구포축산물도매시장,부산광역시 북구 구포2동 1188-3번지,부산광역시 북구 사상로583번길 25,"{'latitude': '35.1961847', 'longitude': '128.9891875'}",매일,상설장,축산물,205,,부산
정이있는구포시장,부산광역시 북구 구포1동 599-15,부산광역시 북구 구포시장2길 8,"{'latitude': '35.2088806', 'longitude': '129.0039089'}",3일+8일,상설+정기,"농산물,축산물,수산물,가공식품,음식점업",1036,,부산
감전시장,부산광역시 사상구 감전동121-12,부산광역시 사상구 새벽로168번길 21-6,"{'latitude': '35.1563187', 'longitude': '128.9846147'}",매일,상설장,"농산물,수산물,가공식품,음식점업,기타소매업",146,,부산
르네시떼시장,부산광역시 사상구 괘법동 529-1,부산광역시 사상구 광장로7,"{'latitude': '35.1643049', 'longitude': '128.9778178'}",매일,상설장,"의류/신발,가정용품,음식점업,기타소매업,근린생활서비스",2620,,부산
복이있는덕포시장,부산광역시 사상구 덕포동 421-13,부산광역시 사상구 사상로293번길12,"{'latitude': '35.1713083', 'longitude': '128.9822708'}",매일,상설장,"농산물,축산물,수산물,가공식품,기타소매업",175,,부산
부산산업용재유통상가,부산광역시 사상구 감전동 152-2,부산광역시 사상구 새벽로 131,"{'latitude': '35.1532383', 'longitude': '128.9814231'}",매일,상설장,"농산물,기타소매업,근린생활서비스",841,,부산
부산산업용품상협동조합,부산광역시 사상구 괘법동 578,부산광역시 사상구 괘감로 37,"{'latitude': '35.1597706', 'longitude': '128.9794944'}",매일,상설장,근린생활서비스,1006,,부산
부산새벽시장,부산광역시 사상구 감전동 143-16,부산광역시 사상구 새벽로 141,"{'latitude': '35.1539045', 'longitude': '128.9815883'}",매일,상설장,"농산물,축산물,수산물,가공식품",295,,부산
사상시장,부산광역시 사상구 괘법동 379-1,부산광역시 사상구 사상로250번길58(괘법동),"{'latitude': '35.1666587', 'longitude': '128.9855050'}",매일,상설장,"농산물,수산물,가공식품,의류/신발,기타소매업",205,,부산
우신종합상가,부산광역시 사상구 모라동 1362,부산광역시 사상구 백양대로 880,"{'latitude': '35.1839065', 'longitude': '128.9919849'}",매일,상설장,"의류/신발,가정용품,음식점업,기타소매업,근린생활서비스",189,,부산
괴정골목시장,부산광역시 사하구 사하로 198,부산광역시 사하구 사하로 198,"{'latitude': '35.0993400', 'longitude': '128.9937133'}",매일,상설장,"농산물,축산물,수산물,가공식품,의류/신발",152,,부산
다대씨-파크,부산광역시 사하구 다대동 680-2,부산광역시 사하구 다대동로 20,"{'latitude': '35.0551057', 'longitude': '128.9719660'}",매일,상설장,"수산물,기타소매업",245,,부산
충무동골목시장,부산광역시 서구 충무동1가 38-32,부산광역시 서구 충무대로267번길 5(충무동1가),"{'latitude': '35.0942904', 'longitude': '129.0236448'}",매일,상설장,"농산물,가공식품,의류/신발,음식점업,기타소매업",170,,부산
충무동새벽시장,부산광역시 서구 남부민동 685-1,부산광역시 서구 해안새벽시장길 68(남부민동),"{'latitude': '35.0928182', 'longitude': '129.0249138'}",매일,상설장,"농산물,축산물,수산물,가공식품,기타소매업",142,,부산
충무동해안시장,부산광역시 서구 충무동 1가 43-1,부산광역시 서구 자갈치로 14-12(충무동1가),"{'latitude': '35.0956455', 'longitude': '129.0250908'}",매일,상설장,"농산물,축산물,수산물,가공식품,기타소매업",173,,부산
남천해변시장,부산광역시 수영구 남천동556,부산광역시 수영구 광안해변로15번길 77,"{'latitude': '35.1392230', 'longitude': '129.1090724'}",매일,상설장,"농산물,축산물,수산물,의류/신발,기타소매업",160,,부산
남항시장,부산광역시 영도구 영선동2가 64-6,부산광역시 영도구 절영로 49번길 73-5,"{'latitude': '35.0889115', 'longitude': '129.0422603'}",매일,상설장,"농산물,축산물,수산물,가공식품,의류/신발",252,,부산
영도봉래시장,부산광역시 영도구 봉래동 3가 13-2,부산광역시 영도구 태종로105번길 36,"{'latitude': '35.0927080', 'longitude': '129.0432771'}",매일,상설장,"농산물,수산물,가공식품,의류/신발,기타소매업",134,,부산
국제시장,부산광역시 중구 신창동 4가,부산광역시 중구 중구로 국제시장 2길 25호 2공구 서동 3층,"{'latitude': '35.1012786', 'longitude': '129.0282303'}",매일,상설장,"가공식품,의류/신발,가정용품,음식점업,기타소매업",620,,부산
부평깡통시장,부산광역시 중구 부평동2가 16,부산광역시 중구 부평1길,"{'latitude': '35.1015483', 'longitude': '129.0260196'}",매일,상설장,"농산물,축산물,수산물,가공식품,음식점업",473,,부산
신동아수산물종합시장,부산광역시 중구 남포동5가 92,부산광역시 중구 자갈치로 42,"{'latitude': '35.0968524', 'longitude': '129.0290786'}",매일,상설장,"수산물,기타소매업",520,,부산
신창상가,부산광역시 중구 신창동1가 19-2,부산광역시 중구 중구로34번길 21-1,"{'latitude': '35.1011832', 'longitude': '129.0302021'}",매일,상설장,"의류/신발,가정용품,음식점업,기타소매업,근린생활서비스",194,,부산
신천지시장,부산광역시 중구 남포동6가 3,부산광역시 중구 자갈치로 33,"{'latitude': '35.0970501', 'longitude': '129.0278135'}",매일,상설장,"의류/신발,가정용품,음식점업,기타소매업",159,,부산
아리랑거리,부산광역시 중구 신창동 3가 17-1,부산광역시 중구 중구로30번길 12,"{'latitude': '35.1004627', 'longitude': '129.0289715'}",매일,상설장,"의류/신발,가정용품,음식점업,기타소매업,근린생활서비스",229,,부산
월드밸리,부산광역시 중구 부평동2가 2,부산광역시 중구 대청로 60,"{'latitude': '35.1028243', 'longitude': '129.0263593'}",매일,상설장,"가공식품,의류/신발,가정용품,음식점업",304,,부산
자갈치시장,부산광역시 중구 남포동4가 37-1,부산광역시 중구 자갈치해안로 52번길,"{'latitude': '35.0967415', 'longitude': '129.0311144'}",매일,상설장,"수산물,기타소매업",320,,부산
창선상가,부산광역시 중구 부평동1가 13-6,부산광역시 중구 중구로 44 331호,"{'latitude': '35.1019360', 'longitude': '129.0277149'}",매일,상설장,"의류/신발,음식점업,근린생활서비스",140,,부산
반송큰시장(반송2동시장),부산광역시 해운대구 반송2동 40-762,부산광역시 해운대구 윗반송로51번길 86,"{'latitude': '35.2311235', 'longitude': '129.1562233'}",매일,상설장,"농산물,축산물,수산물,의류/신발,기타소매업",154,,부산
반여시장,부산광역시 해운대구 반여2동 1291 918,부산광역시 해운대구 재반로226번길 48,"{'latitude': '35.1956065', 'longitude': '129.1287704'}",매일,상설장,"농산물,축산물,가공식품,의류/신발,가정용품",145,,부산
관문상가시장,대구광역시 남구 대명동 1135-4,대구광역시 남구 월배로 494,"{'latitude': '35.8365518', 'longitude': '128.5573082'}",매일,상설장,"농산물,축산물,수산물,가공식품,의류/신발",297,,대구
안지랑시장,대구광역시 남구 대명동 829-2,대구광역시 남구 안지랑로16길 67,"{'latitude': '35.8368842', 'longitude': '128.5751406'}",매일,상설장,"가공식품,기타소매업",135,,대구
달서시장,대구광역시 달서구 본리동 145-2.-5번지,대구광역시 달서구 당산로 35,"{'latitude': '35.8404137', 'longitude': '128.5441878'}",매일,상설장,"농산물,축산물,수산물,가공식품,의류/신발",215,,대구
서남신시장,대구광역시 달서구 감삼동 62-4,대구광역시 달서구 달구벌대로329길 10,"{'latitude': '35.8540918', 'longitude': '128.5458943'}",매일,상설장,"농산물,축산물,수산물,가공식품",140,,대구
와룡시장,대구광역시 달서구 신당동 1788-3,대구광역시 달서구 성서대로 69길 7,"{'latitude': '35.8558155', 'longitude': '128.4993167'}",매일,상설장,"농산물,축산물,수산물,가공식품,기타소매업",139,,대구
월배시장,대구광역시 달서구 진천동 241-3,대구광역시 달서구 월배로24길 13,"{'latitude': '35.8140380', 'longitude': '128.5275136'}",매일,상설장,"농산물,축산물,수산물,의류/신발,기타소매업",315,,대구
대구능금시장,대구광역시 북구 칠성동1가 234-9,대구광역시 북구 칠성남로 197-15,"{'latitude': '35.8771872', 'longitude': '128.6019756'}",매일,상설장,농산물,136,,대구
산격종합시장,대구광역시 북구 산격동 1258,대구광역시 북구 대동로1길 34,"{'latitude': '35.8984123', 'longitude': '128.6105172'}",매일,상설장,"농산물,수산물,의류/신발,기타소매업",300,,대구
칠성시장,대구광역시 북구 칠성동1가 276-163,대구광역시 북구 칠성남로 229,"{'latitude': '35.8763055', 'longitude': '128.6053736'}",매일,상설장,"농산물,축산물,수산물,가공식품,기타소매업",243,,대구
팔달신시장,대구광역시 북구 노원동3가,대구광역시 북구 팔달로33길5-9,"{'latitude': '35.8964', 'longitude': '128.5674'}",매일,상설장,"농산물,축산물,수산물,가공식품,기타소매업",520,,대구
산업용재관,대구광역시 북구 산격동 1629,대구광역시 북구 유통단지로 16,"{'latitude': '35.9039970', 'longitude': '128.6058348'}",매일,상설장,근린생활서비스,1062,,대구
섬유제품관,대구광역시 북구 산격동 1667,대구광역시 북구 유통단지로 60,"{'latitude': '35.9063176', 'longitude': '128.6096330'}",매일,상설장,음식점업,146,,대구
전기재료관,대구광역시 북구 산격동 1665,대구광역시 북구 유흥단지로 38(산격동),"{'latitude': '35.9053633', 'longitude': '128.6075309'}",매일,상설장,근린생활서비스,141,www.ok2018.co.kr,대구
전자관,대구광역시 북구 산격동 1621,대구광역시 북구 유통단지로 45 전자관,"{'latitude': '35.9071354', 'longitude': '128.6068548'}",매일,상설장,음식점업,1011,,대구
전자상가,대구광역시 북구 산격동 1626,대구광역시 북구 유통단지로25,"{'latitude': '35.9060128', 'longitude': '128.6055203'}",매일,상설장,"음식점업,근린생활서비스",369,,대구
서부시장,대구광역시 서구 비산동 434-13,대구광역시 서구 달서로 26길 7-2,"{'latitude': '35.8744715', 'longitude': '128.5721807'}",매일,상설장,"농산물,축산물,수산물,가공식품,기타소매업",135,,대구
신평리시장,대구광역시 서구 평리동 1205,대구광역시 서구 국채보상로 52길 33,"{'latitude': '35.8680941', 'longitude': '128.5606822'}",매일,상설장,"농산물,축산물,수산물,가공식품,의류/신발",140,,대구
신매시장,대구광역시 수성구 신매동576-2,대구광역시 수성구 신매로16길 24-4(신매동),"{'latitude': '35.8372885', 'longitude': '128.7097118'}",매일,상설장,"농산물,축산물,수산물,가공식품,기타소매업",178,,대구
교동시장,대구광역시 중구 교동 67-12,대구광역시 중구 교동길 40,"{'latitude': '35.8731378', 'longitude': '128.5965936'}",매일,상설장,"의류/신발,가정용품,음식점업,기타소매업",147,,대구
남문시장,대구광역시 중구 남산동 698-22,대구광역시 중구 명륜로70,"{'latitude': '35.8610561', 'longitude': '128.5919663'}",매일,상설장,"농산물,축산물,수산물,가공식품,기타소매업",240,,대구
동산상가,대구광역시 중구 대신동 115-30,대구광역시 중구 큰장로26길 65,"{'latitude': '35.8689559', 'longitude': '128.5817236'}",매일,상설장,"의류/신발,가정용품,음식점업",816,,대구
명품프라자상가,대구광역시 중구 대신동 115-112,대구광역시 중구 큰장로 28길 27,"{'latitude': '35.8699058', 'longitude': '128.5808467'}",매일,상설장,"의류/신발,가정용품,음식점업",213,,대구
서문시장2지구종합상가,대구광역시 중구 대신동 2105,대구광역시 중구 큰장로26길25,"{'latitude': '35.8688302', 'longitude': '128.5795372'}",매일,상설장,"수산물,의류/신발,음식점업,기타소매업,근린생활서비스",1518,,대구
서문시장5지구,대구광역시 중구 대신동115-400,대구광역시 중구 큰장로26길 6,"{'latitude': '35.8680712', 'longitude': '128.5784551'}",매일,상설장,"농산물,의류/신발,가정용품,기타소매업,근린생활서비스",237,,대구
서문시장제1지구직물시장,대구광역시 중구 대신동 115-379 1층,대구광역시 중구 큰장로28길10 1층,"{'latitude': '35.8693976', 'longitude': '128.5798461'}",매일,상설장,"의류/신발,음식점업",196,,대구
서문시장제1지구포목시장,대구광역시 중구 대신동 115-379 2층,대구광역시 중구 큰장로28길10 2층,"{'latitude': '35.8693976', 'longitude': '128.5798461'}",매일,상설장,"의류/신발,음식점업",286,seomunmarket.modooal,대구
약령시장,대구광역시 중구 남성로 52-2,대구광역시 중구 남성로 27-1,"{'latitude': '35.8681249', 'longitude': '128.5899224'}",매일,상설장,근린생활서비스,215,,대구
서문시장4지구종합대체상가(베네시움),대구광역시 중구 동산동 562,대구광역시 중구 달성로 18,"{'latitude': '35.8667052', 'longitude': '128.5827111'}",매일,상설장,"의류/신발,음식점업",1220,,대구
강화풍물시장,인천광역시 강화군 강화읍 갑곳리 849,인천광역시 강화군 강화읍 중앙로 17-9,"{'latitude': '37.7411373', 'longitude': '126.4925155'}",2일+5일,상설+정기,"농산물,축산물,수산물,가공식품,기타소매업",183,,인천
석바위시장,인천광역시 미추홀구 주안동 953-3,인천광역시 미추홀구 경인로 471번길 7,"{'latitude': '37.4591630', 'longitude': '126.6915922'}",매일,상설장,"농산물,축산물,수산물,가공식품,음식점업",172,,인천
신기시장,인천광역시 미추홀구 주안동 1311-17,인천광역시 미추홀구 인하로272번길 25,"{'latitude': '37.4463637', 'longitude': '126.6784410'}",매일,상설장,"농산물,축산물,수산물,가공식품,의류/신발",130,http://spwmarket.co.kr,인천
용현시장,인천광역시 미추홀구 용현동 459-92,인천광역시 미추홀구 용삼길 13,"{'latitude': '37.4575812', 'longitude': '126.6503877'}",매일,상설장,"농산물,축산물,수산물,가공식품,기타소매업",237,,인천
간석자유시장,인천광역시 남동구 간석동 41-1,인천광역시 남동구 백범로312-1,"{'latitude': '37.4638682', 'longitude': '126.7153983'}",매일,상설장,"농산물,축산물,수산물,가공식품,의류/신발",138,,인천
구월시장,인천광역시 남동구 구월동 1267-4,인천광역시 남동구 호구포로 790번길 21의13,"{'latitude': '37.4528893', 'longitude': '126.7205349'}",매일,상설장,"농산물,축산물,수산물,가공식품,기타소매업",145,,인천
인천모래내전통시장,인천광역시 남동구 구월동 1263-3,인천광역시 남동구 구월로276번길 39,"{'latitude': '37.4538661', 'longitude': '126.7213368'}",매일,상설장,"농산물,축산물,수산물,의류/신발,음식점업",216,,인천
송림공구상가,인천광역시 동구 송림동 296,인천광역시 동구 봉수대로 98,"{'latitude': '37.4840339', 'longitude': '126.6613477'}",매일,상설장,근린생활서비스,326,,인천
인천산업유통사업협동조합,인천광역시 동구 송림동 294,인천광역시 동구 방축로 83번길 23,"{'latitude': '37.4859318', 'longitude': '126.6550708'}",매일,상설장,근린생활서비스,4735,,인천
현대시장,인천광역시 동구 송림동 50-1,인천광역시 동구 송림로109번길 21,"{'latitude': '37.4774845', 'longitude': '126.6461280'}",매일,상설장,"수산물,가공식품,의류/신발,가정용품,기타소매업",285,,인천
부평문화의거리,인천광역시 부평구 부평동 201의141,인천광역시 부평구 부평문화로 78-2,"{'latitude': '37.4940920', 'longitude': '126.7250068'}",매일,상설장,"가공식품,의류/신발,가정용품,음식점업,기타소매업",210,www.bpmarket.kr,인천
부평종합시장,인천광역시 부평구 부평동 360-1,인천광역시 부평구 부흥로316번길 38-3,"{'latitude': '37.4964937', 'longitude': '126.7266115'}",매일,상설장,"농산물,축산물,수산물,가공식품,음식점업",200,http://www.bcstreet.com,인천
정서진중앙시장,인천광역시 서구 가정동 505,인천광역시 서구 원창로239번길 11,"{'latitude': '37.5186253', 'longitude': '126.6732630'}",매일,상설장,"농산물,축산물,수산물,의류/신발,가정용품",131,www.icnmeat.co.kr,인천
연수구옥련시장,인천광역시 연수구 옥련동 462-32,인천광역시 연수구 독배로 40번길 35,"{'latitude': '37.4246306', 'longitude': '126.6468131'}",매일,상설장,"농산물,축산물,수산물,가공식품,기타소매업",300,,인천
인천종합어시장,인천광역시 중구 항동7가 27-69,인천광역시 중구 연안부두로 33번길 37,"{'latitude': '37.4541170', 'longitude': '126.6065568'}",매일,상설장,"수산물,기타소매업,근린생활서비스",505,,인천
남광주시장,광주광역시 동구 학동 84-23,광주광역시 동구 제봉로17번길 18-6,"{'latitude': '35.1393148', 'longitude': '126.9208190'}",매일,상설장,"농산물,축산물,수산물,의류/신발,기타소매업",220,,광주
대인시장,광주광역시 동구 대인동 310-8,광주광역시 동구 제봉로194번길 7,"{'latitude': '35.1540123', 'longitude': '126.9165340'}",매일,상설장,"농산물,축산물,수산물,음식점업,기타소매업",299,,광주
말바우시장,광주광역시 북구 우산동 190-1,광주광역시 북구 동문대로97번길 55,"{'latitude': '35.1729658', 'longitude': '126.9213545'}",2일+4일,상설+정기,"농산물,축산물,수산물,가공식품,의류/신발",515,,광주
광주양동시장,광주광역시 서구 양동 5-101,광주광역시 서구 천변좌로 238,"{'latitude': '35.1542991', 'longitude': '126.9020206'}",매일,상설장,"농산물,수산물,가공식품,의류/신발,음식점업",275,,광주
양동닭전길시장,광주광역시 서구 양동 5-56,광주광역시 서구 천변좌로 262번길 4,"{'latitude': '35.1527792', 'longitude': '126.9040445'}",매일,상설장,"축산물,가공식품,의류/신발,음식점업,기타소매업",180,,광주
양동복개상가,광주광역시 서구 양동 441,광주광역시 서구 천변좌로 243,"{'latitude': '35.1523105', 'longitude': '126.9056208'}",매일,상설장,"의류/신발,가정용품,음식점업",269,,광주
양동산업용품시장,광주광역시 서구 양동 62의 1,광주광역시 서구 독립로 205,"{'latitude': '35.1511733', 'longitude': '126.9066380'}",매일,상설장,"음식점업,기타소매업",135,,광주
화정동서부시장,광주광역시 서구 화정동783의5,광주광역시 서구 화운로156번길 24-1,"{'latitude': '35.1531839', 'longitude': '126.8799351'}",매일,상설장,"농산물,축산물,가공식품,가정용품",250,,광주
신탄진시장,대전광역시 대덕구 석봉동 417-43,대전광역시 대덕구 석봉로43번길 37,"{'latitude': '36.4491778', 'longitude': '127.4265319'}",3일+8일,정기시장,"농산물,축산물,수산물,가공식품",230,,대전
중리시장,대전광역시 대덕구 중리동 372-6,대전광역시 대덕구 중리북로31번길 26,"{'latitude': '36.3655880', 'longitude': '127.4263908'}",매일,상설장,"농산물,축산물,가공식품,의류/신발,기타소매업",166,,대전
전통중앙도매상가,대전광역시 동구 원동 20-49,대전광역시 동구 대전로 785,"{'latitude': '36.3298242', 'longitude': '127.4337027'}",매일,상설장,"의류/신발,가정용품,음식점업,근린생활서비스",145,,대전
중앙메가프라자,대전광역시 동구 원동 42-1,대전광역시 동구 중앙로 200번길 99,"{'latitude': '36.3267292', 'longitude': '127.4339577'}",매일,상설장,"의류/신발,음식점업,근린생활서비스",151,,대전
중앙상가시장,대전광역시 동구 중동 28-45,대전광역시 동구 대전로791번길 38,"{'latitude': '36.3296146', 'longitude': '127.4311274'}",매일,상설장,"농산물,축산물,수산물,가공식품,의류/신발",200,,대전
도마큰시장,대전광역시 서구 도마동 132-13,대전광역시 서구 도마4길 71,"{'latitude': '36.3158066', 'longitude': '127.3813573'}",매일,상설장,"농산물,축산물,수산물,가공식품,음식점업",465,,대전
한민시장,대전광역시 서구 괴정동 88-34,대전광역시 서구 도솔로 308번길 27,"{'latitude': '36.3346149', 'longitude': '127.3839819'}",매일,상설장,"농산물,축산물,수산물,가공식품,기타소매업",146,domabigmarket.com,대전
문창전통시장,대전광역시 중구 문창동 116-8,대전광역시 중구 보문로 20번길 22,"{'latitude': '36.3156358', 'longitude': '127.4383064'}",매일,상설장,"농산물,축산물,수산물,의류/신발,기타소매업",205,,대전
태평전통시장,대전광역시 중구 태평동 333-8,대전광역시 중구 수침로 55번길 56,"{'latitude': '36.3258774', 'longitude': '127.3979159'}",매일,상설장,"농산물,축산물,수산물,가공식품,기타소매업",145,,대전
신정상가시장,울산광역시 남구 신정동 616-1,울산광역시 남구 월평로47번길 15,"{'latitude': '35.5430040', 'longitude': '129.3101138'}",매일,상설장,"농산물,축산물,수산물,가공식품,기타소매업",252,,울산
울산산업공구월드,울산광역시 남구 삼산동 1591-4 울산산업공구월드,울산광역시 남구 갈밭로 24(삼산동),"{'latitude': '35.5357751', 'longitude': '129.3430999'}",매일,상설장,근린생활서비스,282,,울산
월봉시장,울산광역시 동구 화정동 647-2,울산광역시 동구 진성14길 94(전하동),"{'latitude': '35.4947956', 'longitude': '129.4240623'}",매일,상설장,"농산물,축산물,수산물,의류/신발,기타소매업",179,,울산
성남프라자,울산광역시 중구 성남동 190-239 성남프라자,울산광역시 중구 중앙3길 6,"{'latitude': '35.5545227', 'longitude': '129.3175746'}",매일,상설장,"의류/신발,가정용품,근린생활서비스",131,,울산
울산시장,울산광역시 중구 학산동 47-10 신중앙시장,울산광역시 중구 구교로 35,"{'latitude': '35.5554642', 'longitude': '129.3283860'}",매일,상설장,"축산물,수산물,의류/신발,가정용품,기타소매업",358,,울산
중앙전통시장,울산광역시 중구 옥교동 275-4,울산광역시 중구 중앙시장 2길(옥교동),"{'latitude': '35.5551805', 'longitude': '129.3222916'}",매일,상설장,"농산물,축산물,수산물,의류/신발,가정용품",237,,울산
태화종합시장,울산광역시 중구 태화동 22-27,울산광역시 중구 화진1길 4(태화동),"{'latitude': '35.5562304', 'longitude': '129.3073543'}",5일+10일,상설+정기,"농산물,축산물,수산물,가공식품,기타소매업",157,,울산
학성새벽시장,울산광역시 중구 학성동 359-2,울산광역시 중구 새벽시장3길 20,"{'latitude': '35.5564974', 'longitude': '129.3328792'}",매일,상설장,"농산물,축산물,수산물,가공식품,기타소매업",193,,울산
과천새서울프라자시장,경기도 과천시 별양동 1-18,경기도 과천시 별양상가 2로 20,"{'latitude': '37.4268373', 'longitude': '126.9925741'}",매일,상설장,"가공식품,의류/신발,음식점업,기타소매업,근린생활서비스",175,,경기도
광명새마을시장,경기도 광명시 광명동 342-12,경기도 광명시 광명로 831번지 4의1,"{'latitude': '37.4736818', 'longitude': '126.8514250'}",매일,상설장,"농산물,축산물,수산물,가공식품,의류/신발",148,,경기도
광명전통시장,경기도 광명시 광명동 158-44,경기도 광명시 광이로13번길 17-5,"{'latitude': '37.4799556', 'longitude': '126.8561762'}",매일,상설장,"농산물,수산물,가공식품,의류/신발,기타소매업",315,,경기도
구리전통시장,경기도 구리시 수택동 417,경기도 구리시 검배로 6번길 31,"{'latitude': '37.5995348', 'longitude': '127.1399233'}",매일,상설장,"농산물,축산물,수산물,가공식품,기타소매업",308,,경기도
산본시장,경기도 군포시 산본동 221-5,"경기도 군포시 산본천로183번길 6, (산본동)","{'latitude': '37.3696911', 'longitude': '126.9381124'}",매일,상설장,"농산물,축산물,수산물,가공식품,의류/신발",203,,경기도
남양주장현 전통시장,경기도 남양주시 장현리 380-15,경기도 남양주시 진접읍 장현로 77의100,"{'latitude': '37.7183750', 'longitude': '127.1828263'}",7일,정기시장,"축산물,의류/신발,기타소매업",175,www.tongjinmarket.or.kr,경기도
세아프라자상가,경기도 동두천시 큰시장로 64,경기도 동두천시 큰시장로 64,"{'latitude': '37.9006861', 'longitude': '127.0503172'}",매일,상설장,"의류/신발,음식점업",368,,경기도
중앙시장,경기도 동두천시 생연동 607-27,경기도 동두천시 중앙로285번길 9,"{'latitude': '37.9068890', 'longitude': '127.0536876'}",매일,상설장,"농산물,축산물,가공식품,의류/신발,기타소매업",201,,경기도
부천상동시장,경기도 부천시 상동 236-5,경기도 부천시 석천로60번길 51,"{'latitude': '37.4923666', 'longitude': '126.7642750'}",매일,상설장,"농산물,축산물,수산물,가공식품,음식점업",132,,경기도
부천자유시장,경기도 부천시 소사구 심곡본동 543,경기도 부천시 소사구 자유로 33,"{'latitude': '37.4839879', 'longitude': '126.7799033'}",매일,상설장,"농산물,축산물,수산물,음식점업,기타소매업",277,,경기도
부천제일시장,경기도 부천시 원종동 298,경기도 부천시 고강로40번길 55,"{'latitude': '37.5279520', 'longitude': '126.8091533'}",매일,상설장,"농산물,축산물,수산물,가공식품,음식점업",149,,경기도
금호행복시장(금호시장),경기도 성남시 분당구 수내동 32,경기도 성남시 분당구 내정로 165번길 38,"{'latitude': '37.3763473', 'longitude': '127.1166857'}",매일,상설장,"농산물,축산물,가공식품,의류/신발,기타소매업",166,,경기도
돌고래시장,경기도 성남시 분당구 수내동 53,경기도 성남시 분당구 내정로174번길 42 파크타운서안아파트,"{'latitude': '37.3713236', 'longitude': '127.1220954'}",매일,상설장,"농산물,축산물,수산물,가공식품,기타소매업",141,,경기도
상대원시장,경기도 성남시 중원구 상대원동 2985-1,경기도 성남시 중원구 희망로344번길 6,"{'latitude': '37.4359968', 'longitude': '127.1587403'}",매일,상설장,"농산물,축산물,수산물,가공식품,의류/신발",185,,경기도
코끼리시장,경기도 성남시 분당구 수내동 56,경기도 성남시 분당구 내정로 166번길 7-6,"{'latitude': '37.3728510', 'longitude': '127.1206672'}",매일,상설장,"의류/신발,가정용품,음식점업,기타소매업",138,,경기도
남문로데오시장,경기도 수원시 팔달구 교동 3-6,경기도 수원시 팔달구 행궁로 88(교동),"{'latitude': '37.2747062', 'longitude': '127.0154978'}",매일,상설장,"의류/신발,가정용품,기타소매업,근린생활서비스",194,,경기도
남문패션1번가시장,경기도 수원시 팔달구 영동 43-5,경기도 수원시 팔달구 정조로758번길 24(영동),"{'latitude': '37.2756184', 'longitude': '127.0181048'}",매일,상설장,"가공식품,의류/신발,가정용품,음식점업,기타소매업",156,,경기도
북수원시장,경기도 수원시 장안구 파장동 572-35,경기도 수원시 장안구 파장로82번길 9(파장동),"{'latitude': '37.3070724', 'longitude': '126.9921494'}",매일,상설장,"농산물,축산물,수산물,가공식품,기타소매업",153,,경기도
역전시장,경기도 수원시 팔달구 매산로1가 57-3,경기도 수원시 팔달구 매산로 2-10(매산로1가),"{'latitude': '37.2661543', 'longitude': '127.0024104'}",매일,상설장,"가공식품,의류/신발,가정용품,음식점업,기타소매업",200,,경기도
연무시장,경기도 수원시 장안구 연무동 249,경기도 수원시 장안구 월드컵로428번길 10(연무동),"{'latitude': '37.2939838', 'longitude': '127.0259698'}",매일,상설장,"농산물,축산물,수산물,의류/신발,기타소매업",193,,경기도
영동시장,경기도 수원시 팔달구 영동 8,경기도 수원시 팔달구 수원천로255번길 6(영동),"{'latitude': '37.2771731', 'longitude': '127.0186010'}",매일,상설장,"의류/신발,가정용품,근린생활서비스",305,www.연무시장.com,경기도
장안문거북시장,경기도 수원시 장안구 영화동 250-1,경기도 수원시 장안구 수성로382번길 24(영화동),"{'latitude': '37.2930039', 'longitude': '127.0140155'}",매일,상설장,"농산물,축산물,수산물,음식점업,기타소매업",137,,경기도
정자시장,경기도 수원시 장안구 정자동 73-10,경기도 수원시 장안구 수성로261번길 16(정자동),"{'latitude': '37.2907162', 'longitude': '127.0009028'}",매일,상설장,"농산물,축산물,수산물,가공식품,기타소매업",150,,경기도
지동시장,경기도 수원시 팔달구 지동 402-2,경기도 수원시 팔달구 팔달문로 19(지동),"{'latitude': '37.2779142', 'longitude': '127.0195503'}",매일,상설장,"농산물,축산물,수산물,가공식품",236,,경기도
팔달문시장,경기도 수원시 팔달구 영동 6-14,경기도 수원시 팔달구 정조로770번길 17(영동),"{'latitude': '37.2769114', 'longitude': '127.0179044'}",매일,상설장,의류/신발,239,jielongmarket.co.kr,경기도
화서시장,경기도 수원시 팔달구 화서동 97-1,경기도 수원시 팔달구 동말로 72(화서동),"{'latitude': '37.2785663', 'longitude': '127.0020792'}",매일,상설장,"농산물,축산물,수산물,가공식품,기타소매업",203,,경기도
시흥삼미시장,경기도 시흥시 신천동 738-4,경기도 시흥시 삼미시장2길 35,"{'latitude': '37.4404226', 'longitude': '126.7837977'}",매일,상설장,"농산물,축산물,수산물,가공식품,의류/신발",157,wwww.화서시장.com,경기도
스타프라자전통시장,경기도 안산시 상록구 성포동 583,경기도 안산시 상록구 화랑로 513,"{'latitude': '37.3218116', 'longitude': '126.8438680'}",매일,상설장,"가공식품,의류/신발,가정용품,음식점업",222,,경기도
신안코아,경기도 안산시 상록구 본오동 871,경기도 안산시 상록구 반석로 44,"{'latitude': '37.2951280', 'longitude': '126.8650065'}",매일,상설장,"의류/신발,가정용품,기타소매업",139,,경기도
안산시시민시장,경기도 안산시 단원구 초지동 604-4,경기도 안산시 단원구 화랑로 149,"{'latitude': '37.3251712', 'longitude': '126.8053569'}",5일+10일,상설+정기,"농산물,가공식품,의류/신발,음식점업,기타소매업",218,shinanplaza.modoo.at,경기도
월드프라자,경기도 안산시 상록구 본오동 872,경기도 안산시 상록구 본삼로 60,"{'latitude': '37.2998508', 'longitude': '126.8651151'}",매일,상설장,"농산물,의류/신발,가정용품,음식점업,기타소매업",234,,경기도
안양남부시장,경기도 안양시 만안구 안양동 622-378,경기도 안양시 만안구 장내로 140번길 51,"{'latitude': '37.3959088', 'longitude': '126.9249078'}",매일,상설장,"농산물,축산물,수산물,가공식품,근린생활서비스업",180,,경기도
안양중앙인정시장,경기도 안양시 만안구 안양동 711-280,경기도 안양시 만안구 냉천로185번길 8,"{'latitude': '37.3964942', 'longitude': '126.9195666'}",매일,상설장,"농산물,축산물,수산물,음식점업,기타소매업",410,,경기도
안양호계종합시장,경기도 안양시 동안구 호계1동 997,경기도 안양시 동안구 흥안대로113번길 34,"{'latitude': '37.3725663', 'longitude': '126.9592493'}",매일,상설장,"농산물,축산물,수산물,가공식품,의류/신발",180,,경기도
중앙시장,경기도 안양시 만안구 안양4동 676-44,경기도 안양시 만안구 냉천로 196,"{'latitude': '37.3976163', 'longitude': '126.9195769'}",매일,상설장,"농산물,축산물,의류/신발,기타소매업",315,,경기도
용문천년시장,경기도 양평군 용문면 다문리 307-5 일원,경기도 양평군 용문면 용문시장2길 11 일원,"{'latitude': '37.4839234', 'longitude': '127.5947999'}",5일+10일,상설+정기,"농산물,음식점업,기타소매업",163,http://blog.naver.com/ypsijang,경기도
오색시장,경기도 오산시 오산동 853-27,경기도 오산시 오산로 272번길 21,"{'latitude': '37.1513212', 'longitude': '127.0709541'}",3일+8일,정기시장,"농산물,축산물,수산물,의류/신발,기타소매업",356,,경기도
용인중앙시장,경기도 용인시 처인구 김량장동 137-1,경기도 용인시 처인구 금령로107번길 13,"{'latitude': '37.2367167', 'longitude': '127.2078267'}",5일,상설+정기,"농산물,축산물,의류/신발,가정용품,기타소매업",530,osanspt.blog.me,경기도
의정부제일시장,경기도 의정부시 의정부동 160,경기도 의정부시 태평로 73번길 20,"{'latitude': '37.7397875', 'longitude': '127.0503897'}",매일,상설장,"농산물,축산물,수산물,의류/신발,기타소매업",334,,경기도
송탄시장,경기도 평택시 지산동 745-14,경기도 평택시 탄현로 346번길24,"{'latitude': '37.0821115', 'longitude': '127.0570855'}",4일+9일,상설+정기,"농산물,축산물,수산물",136,,경기도
안중시장,경기도 평택시 안중읍 안중리 267-1,경기도 평택시 안중읍 안현로서3길 29,"{'latitude': '36.9874941', 'longitude': '126.9282708'}",1일+6일,상설+정기,"농산물,축산물,수산물,가공식품,기타소매업",130,http://stsijang.kr,경기도
중앙시장,경기도 평택시 중앙시장로 18-4,경기도 평택시 중앙시장로 18-4,"{'latitude': '37.0798881', 'longitude': '127.0523670'}",매일,상설장,"가공식품,의류/신발,가정용품,음식점업,기타소매업",150,,경기도
통복시장,경기도 평택시 신장동 318-24,경기도 평택시 동복시장로 25번길 10,"{'latitude': '37.0798921', 'longitude': '127.0523645'}",5일+10일,상설+정기,"농산물,수산물,기타소매업",587,,경기도
덕풍전통시장,경기도 하남시 덕풍동 328-12,경기도 하남시 수리북로 22,"{'latitude': '37.5415365', 'longitude': '127.2029220'}",4일+9일,상설+정기,"농산물,축산물,가공식품,의류/신발,기타소매업",140,,경기도
남양시장,경기도 화성시 남양리 1165-25,경기도 화성시 남양읍 남양시장로 61일원,"{'latitude': '37.2090159', 'longitude': '126.8161026'}",1일+6일,상설+정기,"농산물,축산물,수산물,가공식품,의류/신발",202,,경기도
발안시장,경기도 화성시 향남읍 평리 81-51,경기도 화성시 향남읍 평2길 7,"{'latitude': '37.1314652', 'longitude': '126.9094670'}",10일+5일,상설+정기,"농산물,가공식품,의류/신발,음식점업,기타소매업",221,,경기도
사강시장,경기도 화성시 송산면 사강리 663-1,경기도 화성시 송산면 사강로 183-1,"{'latitude': '37.2132741', 'longitude': '126.7364573'}",2일+7일,상설+정기,"농산물,축산물,수산물,의류/신발,기타소매업",352,bamk.co.kr,경기도
조암시장,경기도 화성시 우정읍 조암리 311-3,경기도 화성시 우정읍 조암남로 8,"{'latitude': '37.0823090', 'longitude': '126.8171107'}",매일,상설장,"농산물,축산물,수산물,가공식품,의류/신발",410,,경기도
강릉동부시장,강원도 강릉시 옥천동 48,강원도 강릉시 수문길19번옆길 12-1,"{'latitude': '37.7557907', 'longitude': '128.9020140'}",매일,상설장,"농산물,가공식품,의류/신발,음식점업,기타소매업",168,,강원도
강릉서부시장,강원도 강릉시 용강동 29,강원도 강릉시 임영로 155번길 6,"{'latitude': '37.7550475', 'longitude': '128.8908174'}",매일,상설장,"농산물,수산물,의류/신발,음식점업,기타소매업",154,,강원도
중앙시장,강원도 강릉시 성남동 50,강원도 강릉시 금성로21,"{'latitude': '37.7539963', 'longitude': '128.8986308'}",매일,상설장,"농산물,수산물,의류/신발,근린생활서비스",203,,강원도
동쪽바다중앙시장,강원도 동해시 발한동 7-1,강원도 동해시 중앙시장길 12,"{'latitude': '37.5510765', 'longitude': '129.1085374'}",매일,상설장,"농산물,축산물,수산물,의류/신발,기타소매업",200,,강원도
동해남부재래시장,강원도 동해시 동회동 442,강원도 동해시 청운1길 29,"{'latitude': '37.4873081', 'longitude': '129.1057573'}",매일,상설장,"농산물,가공식품,의류/신발,음식점업,기타소매업",208,,강원도
묵호시장,강원도 동해시묵호동 15-61,강원도 동해시 일출로 59-1,"{'latitude': '37.5523064', 'longitude': '129.1141709'}",매일,상설장,"수산물,기타소매업",157,,강원도
북평민속시장,강원도 동해시 북평동 15-5,강원도 동해시 오일장길 32,"{'latitude': '37.4824942', 'longitude': '129.1260015'}",3일+8일,상설+정기,"농산물,수산물,기타소매업",140,,강원도
삼척중앙시장,강원도 삼척시 남양동 55-4,강원도 삼척시 진주로 12-21,"{'latitude': '37.4421156', 'longitude': '129.1652466'}",2일+7일,상설+정기,"농산물,수산물,의류/신발",261,,강원도
속초종합중앙시장,강원도 속초시 중앙동 471-4,강원도 속초시 중앙로147번길 16,"{'latitude': '38.2045342', 'longitude': '128.5902328'}",매일,상설장,"농산물,수산물,가공식품,의류/신발,기타소매업",268,,강원도
속초관광수산시장(구 속초중앙전통시장),강원도 속초시 중앙동 493-3,강원도 속초시 중앙시장로6길 2 외 127필지,"{'latitude': '38.2054998', 'longitude': '128.5893159'}",매일,상설장,"농산물,축산물,수산물,가공식품,기타소매업",350,sokcho-central.co.kr,강원도
미로예술원주중앙시장(원주중앙시장),강원도 원주시 중앙동 60-56,강원도 원주시 중앙시장길 6,"{'latitude': '37.3500295', 'longitude': '127.9492388'}",매일,상설장,"농산물,의류/신발,가정용품,음식점업,기타소매업",597,,강원도
북원상가시장,강원도 원주시 태장2동 1379-23,강원도 원주시 북원상가길 13,"{'latitude': '37.3843638', 'longitude': '127.9488300'}",매일,상설장,"농산물,축산물,의류/신발,가정용품",141,,강원도
원주남부시장,강원도 원주시 명륜동 26,강원도 원주시 치악로 1803,"{'latitude': '37.3430282', 'longitude': '127.9544594'}",매일,상설장,"농산물,축산물,가공식품,의류/신발,기타소매업",205,,강원도
자유시장,강원도 원주시 중앙동 57,강원도 원주시 중앙시장길 11,"{'latitude': '37.3509072', 'longitude': '127.9489227'}",매일,상설장,"의류/신발,가정용품,음식점업,기타소매업",449,,강원도
정선아리랑시장,강원도 정선군 정선읍 봉양리 349-20,강원도 정선군 정선읍 봉양7길 39,"{'latitude': '37.3803925', 'longitude': '128.6652348'}",2일+7일,상설+정기,"농산물,기타소매업",170,,강원도
동송전통시장,강원도 철원군 동송읍 이평리 678-49,강원도 철원군 동송읍 이평로 47번길 19,"{'latitude': '38.2088964', 'longitude': '127.2192668'}",5일+10일,상설+정기,"농산물,가공식품,의류/신발,음식점업",142,,강원도
제일종합시장,강원도 춘천시 죽림동 32,강원도 춘천시 약사고개길13,"{'latitude': '37.8775442', 'longitude': '127.7261600'}",매일,상설장,"의류/신발,가정용품,음식점업,기타소매업,근린생활서비스",244,,강원도
춘천동부시장,강원도 춘천시 운교동 183,강원도 춘천시 동부시장길8,"{'latitude': '37.8772915', 'longitude': '127.7341434'}",매일,상설장,"축산물,수산물,가공식품,의류/신발,기타소매업",131,,강원도
춘천서부시장,강원도 춘천시 소양로2가 172-1,강원도 춘천시 서부대성로12,"{'latitude': '37.8848162', 'longitude': '127.7246419'}",매일,상설장,"축산물,가공식품,가정용품,기타소매업",311,,강원도
춘천중앙시장,강원도 춘천시 중앙로2가 42-18,강원도 춘천시 중앙로77번길 4-4,"{'latitude': '37.8781406', 'longitude': '127.7254226'}",매일,상설장,"가공식품,의류/신발,가정용품,음식점업,기타소매업",200,,강원도
춘천풍물시장,강원도 춘천시 온의동 148-1,강원도 춘천시 영서로 2352-54,"{'latitude': '37.8665801', 'longitude': '127.7190705'}",2일+7일,상설+정기,"농산물,축산물,수산물,기타소매업,근린생활서비스",143,,강원도
황지자유시장,강원도 태백시 통동 75-32,강원도 태백시 시장안길 18 - 1,"{'latitude': '37.1730855', 'longitude': '129.0413890'}",매일,상설장,"농산물,축산물,수산물,가정용품,기타소매업",146,,강원도
횡성시장,강원도 횡성군 횡성읍 삼일로 4-2,강원도 횡성군 횡성읍 읍상리 277-3,"{'latitude': '37.4898867', 'longitude': '127.9865845'}",1일+6일,상설+정기,"농산물,축산물,의류/신발,음식점업,기타소매업",133,,강원도
괴산전통시장,충청북도 괴산군 괴산읍 동부리 560-1,충청북도 괴산군 괴산읍 읍내로 15길8-8,"{'latitude': '36.8111817', 'longitude': '127.7949745'}",3일+8일,정기시장,"농산물,축산물,수산물",151,,충청북도
영동전통시장,충청북도 영동군 영동읍 계산리 694-13,충청북도 영동군 영동읍 영산로1길 13-1,"{'latitude': '36.1752033', 'longitude': '127.7756070'}",4일+9일,상설+정기,"농산물,축산물,수산물,의류/신발,음식점업",174,,충청북도
대소시장,충청북도 음성군 대소면 오산리 186-6,충청북도 음성군 대소면 오산로 36,"{'latitude': '36.9665399', 'longitude': '127.4850049'}",3일+8일,상설+정기,"농산물,축산물,의류/신발,음식점업,기타소매업",137,,충청북도
음성시장,충청북도 음성군 음성읍 읍내리 249-11,충청북도 음성군 음성읍 문화1길 14,"{'latitude': '36.9381504', 'longitude': '127.6920998'}",2일+7일,정기시장,"축산물,의류/신발,기타소매업",200,,충청북도
제천중앙시장,충청북도 제천시 중앙로1가 77,충청북도 제천시 풍양로 108,"{'latitude': '37.1366524', 'longitude': '128.2113183'}",매일,상설장,"축산물,의류/신발,가정용품,기타소매업",707,,충청북도
북부시장,충청북도 청주시 청원구 우암동 344-10,충청북도 청주시 청원구 향군로 31번길 19,"{'latitude': '36.6480320', 'longitude': '127.4861552'}",매일,상설장,"농산물,축산물,가공식품,의류/신발,기타소매업",146,,충청북도
육거리종합시장,충청북도 청주시 상당구 석교동 60-4,충청북도 청주시 상당구 청남로2197번길 42,"{'latitude': '36.6279082', 'longitude': '127.4884768'}",매일,상설장,"농산물,축산물,수산물,가공식품,의류/신발",590,,충청북도
충주농산물종합시장(중앙청과시장),충청북도 충주시 목행동 526-29,충청북도 충주시 목행산단7로 24,"{'latitude': '37.0043536', 'longitude': '127.9229354'}",매일,상설장,농산물,190,,충청북도
무학시장,충청북도 충주시 봉방동 8-6,충청북도 충주시 무학1길 19,"{'latitude': '36.9745864', 'longitude': '127.9272825'}",매일,상설장,"농산물,축산물,수산물,가공식품,기타소매업",166,,충청북도
충주자유시장,충청북도 충주시 충의동 192,충청북도 충주시 충인6길 16,"{'latitude': '36.9739264', 'longitude': '127.9306850'}",5일+10일,상설+정기,"농산물,가공식품,의류/신발,기타소매업",408,,충청북도
"성서중심시장(성서시장,문화의거리 통합)",충청북도 충주시 성서동 178,충청북도 충주시 성서8길 21,"{'latitude': '36.9713585', 'longitude': '127.9323923'}",매일,상설장,"의류/신발,가정용품,음식점업,기타소매업",179,jycj.co.kr,충청북도
산성시장활성화구역,충청남도 공주시 중동 63,충청남도 공주시 국고개길 11,"{'latitude': '36.4548632', 'longitude': '127.1257125'}",매일,상설장,"의류/신발,가정용품,음식점업,기타소매업",318,,충청남도
금산국제인삼시장(금산인삼국제시장),충청남도 금산군 금산읍 중도리 8-1,충청남도 금산군 금산읍 인삼약초로 45,"{'latitude': '36.1017611', 'longitude': '127.4983273'}",매일,상설장,농산물,206,,충청남도
금산수삼센타,충청남도 금산군 금산읍 중도리 24,충청남도 금산군 금산읍 인삼약초로 24,"{'latitude': '36.1002586', 'longitude': '127.4961424'}",매일,상설장,농산물,293,,충청남도
강경젓갈시장,충청남도 논산시 강경읍 황산리 198,충청남도 논산시 강경읍 금백로 45,"{'latitude': '36.1578015', 'longitude': '127.0054690'}",매일,상설장,"수산물,가공식품",140,,충청남도
화지중앙시장,충청남도 논산시 대교동 70-6,충청남도 논산시 대화로 78,"{'latitude': '36.2085148', 'longitude': '127.0849542'}",매일,상설장,"농산물,축산물,수산물,의류/신발,기타소매업",306,,충청남도
당진전통시장,충청남도 당진시 읍내동 145-13,충청남도 당진시 당진시장길 100,"{'latitude': '36.8899236', 'longitude': '126.6295955'}",5일+10일,상설+정기,"농산물,축산물,수산물,의류/신발,기타소매업",218,sijangnonsan.mf24.net,충청남도
서산동부전통시장(동부시장),충청남도 서산시 동문동 900-3,충청남도 서산시 시장5로 15,"{'latitude': '36.7819352', 'longitude': '126.4561472'}",매일,상설장,"농산물,수산물,가공식품,의류/신발,기타소매업",245,,충청남도
서천특화시장,충청남도 서천군 서천읍 군사리 686-1,충청남도 서천군 서천읍 충절로 42,"{'latitude': '36.0748131', 'longitude': '126.6873075'}",2일+7일,정기시장,"농산물,수산물,의류/신발,가정용품,기타소매업",280,,충청남도
온양온천시장(온양전통시장),충청남도 아산시 온천동 94-6,충청남도 아산시 시장길 29,"{'latitude': '36.7832307', 'longitude': '127.0043717'}",4일+9일,상설+정기,"농산물,축산물,수산물,가공식품",441,,충청남도
천안중앙시장(구 남산중앙시장),충청남도 천안시 동남구 사직동263 (사직2길 19),충청남도 천안시 동남구 사직로 7,"{'latitude': '36.8002894', 'longitude': '127.1486284'}",매일,상설장,"농산물,축산물,수산물,의류/신발,가정용품",400,,충청남도
병천시장,충청남도 천안시 동남구 병천면 병천리 163-2,충청남도 천안시 동남구 병천면 아우내장터1길 46,"{'latitude': '36.7622009', 'longitude': '127.2980418'}",1일+6일,상설+정기,"농산물,의류/신발,가정용품,음식점업",150,,충청남도
천안역전시장,충청남도 천안시 동남구 대흥동 63-3,충청남도 천안시 동남구 공설시장1길 9,"{'latitude': '36.8092124', 'longitude': '127.1488439'}",매일,상설장,"농산물,축산물,가공식품,의류/신발,기타소매업",130,,충청남도
청양전통시장,충청남도 청양군 읍내리 178-4,충청남도 청양군 칠갑산로6길 6,"{'latitude': '36.4505179', 'longitude': '126.8019030'}",2일+7일,상설+정기,"농산물,축산물,수산물,가공식품,기타소매업",135,,충청남도
태안서부시장,충청남도 태안군 태안읍 남문리 169-7,충청남도 태안군 남문리 시장2길 38-4,"{'latitude': '36.7531981', 'longitude': '126.2966653'}",매일,상설장,"농산물,축산물,수산물,의류/신발,음식점업",146,,충청남도
태안동부시장(태안특산물전통시장),충청남도 태안군 동문리 284,충청남도 태안군 시장4길 32,"{'latitude': '36.7517973', 'longitude': '126.2988718'}",3일+8일,상설+정기,"농산물,수산물,의류/신발,가정용품,기타소매업",140,,충청남도
광천전통시장,충청남도 홍성군 광천읍 광천리 230-32,충청남도 홍성군 광천읍 광천로 285,"{'latitude': '36.4998501', 'longitude': '126.6252541'}",4일+9일,상설+정기,"농산물,축산물,수산물",175,,충청남도
홍성전통시장,충청남도 홍성군 홍성읍 대교리 400-1,충청남도 홍성군 홍성읍 홍성천길 242,"{'latitude': '36.6021500', 'longitude': '126.6681690'}",1일+6일,상설+정기,"농산물,축산물,수산물,음식점업,기타소매업",220,,충청남도
군산공설시장,전라북도 군산시 신영동 18-1,전라북도 군산시 신금길 18,"{'latitude': '35.9831811', 'longitude': '126.7203122'}",매일,상설장,"농산물,축산물,수산물,가공식품,의류/신발",285,,전라북도
군산수산물종합센터,전라북도 군산시 해망동 1011-21,전라북도 군산시 내항2길 216,"{'latitude': '35.9937211', 'longitude': '126.7045276'}",매일,상설장,"수산물,가공식품,기타소매업",150,,전라북도
남원공설시장,전라북도 남원시 금동 262-1,전라북도 남원시 의총로 51,"{'latitude': '35.4052558', 'longitude': '127.3753945'}",4일+9일,상설+정기,"농산물,축산물,수산물,의류/신발,기타소매업",135,,전라북도
순창시장,전라북도 순창군 순창읍 남계리 800,전라북도 순창군 순창읍 남계로 58,"{'latitude': '35.3718510', 'longitude': '127.1450683'}",1일+6일,정기시장,"농산물,수산물,의류/신발,기타소매업",150,,전라북도
북부시장,전라북도 익산시 남중동 72-7,전라북도 익산시 인북로 219,"{'latitude': '35.9482335', 'longitude': '126.9566474'}",4일+9일,상설+정기,"농산물,수산물,의류/신발",168,,전라북도
익산장(익산북부장),전라북도 익산시 남중동 35-9,전라북도 익산시 인북로 11길 27,"{'latitude': '35.9512330', 'longitude': '126.9567754'}",4일+9일,상설+정기,"농산물,축산물,수산물",250,,전라북도
중앙시장,전라북도 익산시 창인동1가 137-1,전라북도 익산시 중앙로 3길 27,"{'latitude': '35.9418055', 'longitude': '126.9501270'}",매일,상설장,"농산물,가공식품,의류/신발,기타소매업",137,,전라북도
모래내시장(전주),전라북도 전주시 덕진구 인후동2가 203-10,전라북도 전주시 덕진구 모래내4길 8-8,"{'latitude': '35.8337067', 'longitude': '127.1437562'}",매일,상설장,"농산물,축산물,수산물,의류/신발,기타소매업",210,,전라북도
전주남부시장,전라북도 전주시 완산구 전동 295-4,전라북도 전주시 완산구 풍남문1길 19-3,"{'latitude': '35.8128022', 'longitude': '127.1475773'}",매일,상설장,"농산물,수산물,가공식품,의류/신발,기타소매업",327,,전라북도
전주신중앙시장(신중앙시장),전라북도 전주시 완산구 태평동 43,전라북도 전주시 완산구 태평5길 33,"{'latitude': '35.8238638', 'longitude': '127.1431979'}",매일,상설장,"농산물,수산물,가공식품,의류/신발,기타소매업",168,NB market.never.com,전라북도
전주중앙상가,전라북도 전주시 완산구 태평동 36-1,전라북도 전주시 완산구 태평3길 70,"{'latitude': '35.8248012', 'longitude': '127.1422621'}",매일,상설장,"가공식품,의류/신발,가정용품,음식점업,근린생활서비스",386,www.jeoniuguide.com,전라북도
서부시장상점가(서부시장 통합),전라북도 전주시 완산구 효자동1가 201-63,전라북도 전주시 완산구 효동 2길 14-8,"{'latitude': '35.8052432', 'longitude': '127.1266712'}",매일,상설장,"농산물,가공식품",150,,전라북도
샘고을시장,전라북도 정읍시 시기동 280-4,전라북도 정읍시 태평6길 25,"{'latitude': '35.5630467', 'longitude': '126.8550586'}",매일,상설장,"농산물,축산물,수산물,가공식품,음식점업",322,,전라북도
곡성기차마을전통시장,전라남도 곡성군 곡성읍 읍내리 208,전라남도 곡성군 곡성로 856,"{'latitude': '35.2800752', 'longitude': '127.2993238'}",3일+8일,정기시장,"농산물,수산물,가공식품,의류/신발,기타소매업",151,,전라남도
구례5일시장,전라남도 구례군 구례읍 봉동리 190-1,전라남도 구례군 구례읍 5일시장작은길 20,"{'latitude': '35.2107746', 'longitude': '127.4698787'}",3일+8일,정기시장,"농산물,축산물,가공식품",163,jungmamarket.modoo.at,전라남도
동부시장,전라남도 목포시 용당동 1053,전라남도 목포시 영산로257번길 15,"{'latitude': '34.8043886', 'longitude': '126.3930638'}",매일,상설장,"농산물,축산물,수산물,의류/신발,기타소매업",279,,전라남도
목포종합수산시장,전라남도 목포시 광동1가 4-13,전라남도 목포시 해안로 265-4,"{'latitude': '34.7877803', 'longitude': '126.3898906'}",매일,상설장,"수산물,가공식품,기타소매업",131,목포동부시장.com,전라남도
신중앙시장,전라남도 목포시 산정동 1732,전라남도 목포시 원산중앙로 51,"{'latitude': '34.8098141', 'longitude': '126.3772932'}",매일,상설장,"농산물,수산물,가정용품,음식점업,기타소매업",144,,전라남도
자유시장,전라남도 목포시 산정동 1383,전라남도 목포시 자유로 122,"{'latitude': '34.7929630', 'longitude': '126.4030689'}",매일,상설장,"농산물,축산물,수산물,기타소매업,근린생활서비스",168,,전라남도
청호시장,전라남도 목포시 석현동 1171,전라남도 목포시 석현로 28,"{'latitude': '34.8158436', 'longitude': '126.4241404'}",매일,상설장,"농산물,축산물,수산물,가공식품,기타소매업",166,,전라남도
순천시아랫장(순천아랫장),전라남도 순천시 풍덕동 1264,전라남도 순천시 장평로 60,"{'latitude': '34.9453204', 'longitude': '127.4953718'}",2일+7일,상설+정기,"농산물,수산물,가공식품,가정용품,기타소매업",206,,전라남도
역전시장,전라남도 순천시 덕암동 227-1,전라남도 순천시 역전장길 9,"{'latitude': '34.9438210', 'longitude': '127.5035021'}",매일,상설장,"농산물,축산물,수산물",202,,전라남도
웃장,전라남도 순천시 동외동 168-1,전라남도 순천시 북문길 40,"{'latitude': '34.9588094', 'longitude': '127.4851996'}",5일+10일,상설+정기,"농산물,축산물,수산물,가공식품,기타소매업",158,,전라남도
(주)서시장,전라남도 여수시 서교동 280,전라남도 여수시 좌수영로 16-6,"{'latitude': '34.7417917', 'longitude': '127.7286181'}",매일,상설장,"수산물,가공식품,의류/신발,가정용품,기타소매업",209,,전라남도
여수서시장주변시장,전라남도 여수시 서교동 534-20,전라남도 여수시 서교2길 2-7,"{'latitude': '34.7409549', 'longitude': '127.7285855'}",4일+9일,상설+정기,"농산물,축산물,수산물,가공식품,의류/신발",250,,전라남도
여수수산물특화시장,전라남도 여수시 남산동 4,전라남도 여수시 남산로 60-31,"{'latitude': '34.7368724', 'longitude': '127.7328415'}",매일,상설장,수산물,257,,전라남도
중앙시장,전라남도 여수시 교동 400-1,전라남도 여수시 중앙로 43,"{'latitude': '34.7406323', 'longitude': '127.7325764'}",매일,상설장,"의류/신발,음식점업",131,,전라남도
정남진장흥토요시장,전라남도 장흥군 장흥읍 예양리 158-2,전라남도 장흥군 장흥읍 토요시장1길 53,"{'latitude': '34.6774240', 'longitude': '126.9031720'}",2일+7일,상설+정기,"농산물,축산물,수산물,의류/신발,기타소매업",140,,전라남도
해남읍5일시장,전라남도 해남군 해남읍 고도리 102-4,전라남도 해남군 해남읍 중앙2로 76,"{'latitude': '34.5688902', 'longitude': '126.5971145'}",1일+6일,정기시장,"농산물,수산물,가공식품,의류/신발,음식점업",178,,전라남도
경산공설시장,경상북도 경산시 서상동 10,경상북도 경산시 경안로31길 19,"{'latitude': '35.8205010', 'longitude': '128.7353729'}",5일+10일,상설+정기,"농산물,수산물,의류/신발,가정용품,기타소매업",204,,경상북도
경주성동공설시장,경상북도 경주시 성동동 51-1번지 일원,경상북도 경주시 원화로 281번길 11-11,"{'latitude': '35.8454311', 'longitude': '129.2163007'}",매일,상설장,"농산물,축산물,수산물,의류/신발,기타소매업",587,,경상북도
경주중심상가시장,경상북도 경주시 황오동 234-1,경상북도 경주시 태종로 791번길16,"{'latitude': '35.8422468', 'longitude': '129.2146788'}",매일,상설장,"의류/신발,가정용품,기타소매업",489,,경상북도
경주중앙시장,경상북도 경주시 성건동 339-2,경상북도 경주시 금성로 295,"{'latitude': '35.8440274', 'longitude': '129.2063261'}",2일+7일,상설+정기,"축산물,수산물,의류/신발,기타소매업",716,,경상북도
북정로중심상가시장,경상북도 경주시 황오동 242-4,경상북도 경주시 북정로 15,"{'latitude': '35.8422634', 'longitude': '129.2151765'}",매일,상설장,"가공식품,의류/신발,기타소매업",130,,경상북도
안강공설시장,경상북도 경주시 안강읍 양월리 1350-1,경상북도 경주시 안강읍 비화중로 3길 26-3,"{'latitude': '35.9900129', 'longitude': '129.2220917'}",4일+9일,상설+정기,"농산물,가공식품,기타소매업",245,,경상북도
제2경주중심상가시장,경상북도 경주시 노동동 230,경상북도 경주시 원효로 89,"{'latitude': '35.8421457', 'longitude': '129.2106723'}",2일+7일,상설+정기,"농산물,축산물,의류/신발,음식점업,기타소매업",530,,경상북도
구미산업유통단지,경상북도 구미시 임수동 92-9,경상북도 구미시 3공단1로 302-7,"{'latitude': '36.1095575', 'longitude': '128.4029964'}",매일,상설장,근린생활서비스,729,,경상북도
구미새마을중앙시장,경상북도 구미시 원평동 117-20 외,경상북도 구미시 구미중앙로9길 11,"{'latitude': '36.1308217', 'longitude': '128.3298591'}",1일+6일,상설+정기,"농산물,축산물,수산물,가공식품,의류/신발",228,www.kumitool.co.kr,경상북도
금오시장,경상북도 구미시 원평동 1028-2,경상북도 구미시 금오시장로13,"{'latitude': '36.1262384', 'longitude': '128.3406997'}",매일,상설장,"음식점업,기타소매업",258,,경상북도
선산봉황시장,경상북도 구미시 선산읍 완전리 253,경상북도 구미시 선산읍 단계동길 24,"{'latitude': '36.2397549', 'longitude': '128.3011306'}",2일+7일,상설+정기,"농산물,축산물,수산물,의류/신발,기타소매업",229,,경상북도
황금시장,경상북도 김천시 황금동 31-1,경상북도 김천시 황금시장4길20,"{'latitude': '36.1166593', 'longitude': '128.1253004'}",5일+10일,상설+정기,"농산물,축산물,수산물,가공식품,기타소매업",186,,경상북도
문경중앙시장,경상북도 문경시 흥덕동 794-1,경상북도 문경시 중앙시장길32-10,"{'latitude': '36.6012931', 'longitude': '128.2042448'}",매일,상설장,"농산물,축산물,가공식품,의류/신발",135,,경상북도
봉화상설시장,경상북도 봉화군 봉화읍 내성리 394-1,경상북도 봉화군 봉화읍 신시장1길 4,"{'latitude': '36.8899405', 'longitude': '128.7357573'}",2일+7일,상설+정기,"농산물,축산물,수산물,의류/신발,기타소매업",136,,경상북도
봉화춘양시장(춘양시장),경상북도 봉화군 춘양면 의양리 357-29,경상북도 봉화군 춘양면 의양로 60,"{'latitude': '36.9363896', 'longitude': '128.9130309'}",4일+9일,상설+정기,"농산물,수산물,의류/신발,음식점업,기타소매업",134,,경상북도
상주중앙시장,경상북도 상주시 남성동 85-10,경상북도 상주시 남성로35,"{'latitude': '36.4134119', 'longitude': '128.1606967'}",2일+7일,상설+정기,"농산물,축산물,가공식품,의류/신발,기타소매업",184,,경상북도
안동구시장,경상북도 안동시 서부동 181-1,경상북도 안동시 번영1길 55,"{'latitude': '36.5657191', 'longitude': '128.7279077'}",매일,상설장,"농산물,축산물,수산물,의류/신발,기타소매업",266,,경상북도
중앙신시장,경상북도 안동시 옥야동 285-1,경상북도 안동시 대안로98-15,"{'latitude': '36.5650969', 'longitude': '128.7241976'}",2일+7일,상설+정기,"농산물,축산물,수산물,가공식품,기타소매업",450,,경상북도
영해만세시장,경상북도 영덕군 영해면 성내리 468-1,경상북도 영덕군 영해면 예주시장5길 21,"{'latitude': '36.5404087', 'longitude': '129.4074355'}",5일+10일,상설+정기,"농산물,축산물,수산물,가공식품",134,,경상북도
영주문화시장,경상북도 영주시 영주동 376-1,경상북도 영주시 중앙로 83번길 32,"{'latitude': '36.8240502', 'longitude': '128.6235621'}",매일,상설장,"의류/신발,가정용품,음식점업,기타소매업,근린생활서비스",165,,경상북도
영천공설시장,경상북도 영천시  완산동 982-3,경상북도 영천시 시장4길 52,"{'latitude': '35.9642157', 'longitude': '128.9385221'}",2일+7일,상설+정기,"농산물,수산물,의류/신발,가정용품,기타소매업",245,,경상북도
울진바지게시장,경상북도 울진군 울진읍 읍내리 63,경상북도 울진군 울진읍 읍내2길 13-6,"{'latitude': '36.9913194', 'longitude': '129.4020471'}",2일+7일,상설+정기,"농산물,축산물,수산물",252,,경상북도
청도공설시장,경상북도 청도군 청도읍 고수리 785-3,경상북도 청도군 청도읍 청화로 175,"{'latitude': '35.6428960', 'longitude': '128.7444572'}",4일+9일,정기시장,"농산물,축산물,수산물,의류/신발,기타소매업",189,,경상북도
왜관시장,경상북도 칠곡군 왜관읍 왜관리 211-187,경상북도 칠곡군 왜관읍 시장2길 9,"{'latitude': '35.9953823', 'longitude': '128.3982330'}",1일+6일,상설+정기,"농산물,축산물,수산물,가공식품,가정용품",132,,경상북도
연일전통시장,경상북도 포항시 남구 연일읍 생지리 194-1,경상북도 포항시 남구 연일읍 연일로 159번길 46,"{'latitude': '35.9963575', 'longitude': '129.3487086'}",매일,상설장,"농산물,축산물,수산물,가공식품,기타소매업",140,,경상북도
영일대북부시장,경상북도 포항시 북구 대신동 63-16,경상북도 포항시 북구 대신로26번길 10-1,"{'latitude': '36.0466285', 'longitude': '129.3689216'}",매일,상설장,"농산물,축산물,수산물,의류/신발",155,,경상북도
죽도농산물시장,경상북도 포항시 죽도동 5-22,경상북도 포항시 죽도시장2길 18,"{'latitude': '36.0345826', 'longitude': '129.3679703'}",매일,상설장,"농산물,축산물,수산물,가공식품,음식점업",530,,경상북도
죽도시장,경상북도 포항시 북구 죽도동 2번지일대,경상북도 포항시 북구 죽도시장13길 13,"{'latitude': '36.0357789', 'longitude': '129.3669813'}",매일,상설장,"농산물,축산물,수산물,가공식품,의류/신발",510,,경상북도
죽도어시장,경상북도 포항시 북구 죽도동 574-4,경상북도 포항시 북구 죽도시장길32,"{'latitude': '36.0351510', 'longitude': '129.3690290'}",매일,상설장,"수산물,기타소매업",250,,경상북도
중앙상가,경상북도 포항시 북구 상원동 468-23,경상북도 포항시 북구 중앙상가길64,"{'latitude': '36.0401465', 'longitude': '129.3661482'}",매일,상설장,"의류/신발,기타소매업",1400,,경상북도
큰동해시장,경상북도 포항시 남구 해도동 435-31,경상북도 포항시 남구 중앙로146번길 30,"{'latitude': '36.0261721', 'longitude': '129.3710930'}",매일,상설장,"축산물,수산물,가공식품,기타소매업",130,,경상북도
효자시장,경상북도 포항시 남구 효자동 301-1,경상북도 포항시 남구 효자동길10번길 13,"{'latitude': '36.0079908', 'longitude': '129.3315903'}",매일,상설장,"농산물,수산물,가공식품,기타소매업",208,,경상북도
흥해시장,경상북도 포항시 북구 흥해읍 성내리 61-2,경상북도 포항시 북구 흥해읍 한동로 61-13,"{'latitude': '36.1106080', 'longitude': '129.3483563'}",2일+7일,상설+정기,"농산물,수산물,의류/신발,가정용품,기타소매업",153,,경상북도
거제고현시장,경상남도 거제시 고현동 98-27,경상남도 거제시 중앙로 1883-2,"{'latitude': '34.8862676', 'longitude': '128.6236348'}",매일,상설장,"농산물,축산물,수산물,가공식품,기타소매업",207,,경상남도
거창시장,경상남도 거창군 중앙리 154-12,경상남도 거창군 거창읍 중앙로 140,"{'latitude': '35.6858378', 'longitude': '127.9135325'}",1일+6일,상설+정기,"농산물,수산물,의류/신발,가정용품,기타소매업",265,,경상남도
고성시장,경상남도 고성군 고성읍 서외리 1-6,경상남도 고성군 고성읍 중앙로25번길57,"{'latitude': '34.9771324', 'longitude': '128.3230351'}",1일+6일,상설+정기,"농산물,축산물,수산물,가공식품,기타소매업",320,,경상남도
김해전통시장(김해동상시장),경상남도 김해시 동상동 877-2,경상남도 김해시 호계로 517번길 5-13,"{'latitude': '35.2362459', 'longitude': '128.8838528'}",매일,상설장,"농산물,축산물,수산물,가공식품,기타소매업",170,,경상남도
내일전통시장,경상남도 밀양시 내일동 174-9,경상남도 밀양시 상설시장3길 18-6,"{'latitude': '35.4933381', 'longitude': '128.7533498'}",2일+7일,상설+정기,"농산물,축산물,수산물,기타소매업,근린생활서비스",143,,경상남도
삼천포용궁수산시장,경상남도 사천시 동동 485-2,경상남도 사천시 어시장길 64,"{'latitude': '34.9274576', 'longitude': '128.0704854'}",매일,상설장,"수산물,근린생활서비스",286,,경상남도
삼천포종합시장,경상남도 사천시 동금동88-4,경상남도 사천시 동금2길 15,"{'latitude': '34.9321224', 'longitude': '128.0786584'}",4일+9일,상설+정기,"농산물,가공식품,의류/신발,음식점업,기타소매업",168,www.yg-sijang.co.kr,경상남도
삼천포중앙시장,경상남도 사천시 선구동17-4,경상남도 사천시 중앙시장2길 37,"{'latitude': '34.9291969', 'longitude': '128.0768116'}",4일+9일,상설+정기,"농산물,축산물,수산물,가공식품,의류/신발",208,,경상남도
덕계종합상설시장,경상남도 양산시 덕계동 754-1,경상남도 양산시 덕계2길 7,"{'latitude': '35.3697873', 'longitude': '129.1471120'}",매일,상설장,"농산물,축산물,수산물,가공식품,의류/신발",138,,경상남도
양산남부시장,경상남도 양산시 중부동 423-5,경상남도 양산시 중앙로 133번지,"{'latitude': '35.3428196', 'longitude': '129.0372106'}",1일+6일,상설+정기,"농산물,축산물,수산물,가정용품,음식점업",187,,경상남도
이현종합상가,경상남도 진주시 이현동 21-3,경상남도 진주시 신안로 165,"{'latitude': '35.1919877', 'longitude': '128.0661319'}",매일,상설장,"의류/신발,음식점업",373,,경상남도
자유시장,경상남도 진주시 상대동 276-9,경상남도 진주시 도동천로 95,"{'latitude': '35.1801802', 'longitude': '128.1103136'}",매일,상설장,"농산물,축산물,수산물,가공식품,가정용품",144,,경상남도
진주동성상가,경상남도 진주시 강남동 219,경상남도 진주시 진주대로 901,"{'latitude': '35.1809127', 'longitude': '128.0893555'}",매일,상설장,"의류/신발,기타소매업,근린생활서비스",150,,경상남도
진주논개시장(장대시장),경상남도 진주시 장대동 58-8,경상남도 진주시 진양호로569번길 12,"{'latitude': '35.1950662', 'longitude': '128.0872410'}",매일,상설장,"농산물,축산물,수산물,가공식품,의류/신발",373,,경상남도
진주중앙시장,경상남도 진주시 대안동 8-600,경상남도 진주시 진양호로547번길 8-1 일원,"{'latitude': '35.1939107', 'longitude': '128.0848764'}",매일,상설장,"축산물,의류/신발,기타소매업",430,http://진주논개시장.kr,경상남도
평거한보하이타운,경상남도 진주시 평거동 301-1,경상남도 진주시 순환로 553번길 7,"{'latitude': '35.1726352', 'longitude': '128.0592803'}",매일,상설장,"가공식품,의류/신발,음식점업,근린생활서비스업",148,,경상남도
가음정시장,경상남도 창원시 성산구 가음동 21-20,경상남도 창원시 성산구 원이대로863번길24,"{'latitude': '35.2079585', 'longitude': '128.6970839'}",매일,상설장,"농산물,축산물,수산물,의류/신발,기타소매업",186,,경상남도
경화시장,경상남도 창원시 진해구 경화동 906,경상남도 창원시 진해구 경화로 38번길,"{'latitude': '35.1570362', 'longitude': '128.6904113'}",3일+8일,상설+정기,"축산물,가공식품,음식점업,기타소매업,근린생활서비스",143,,경상남도
기산프라자,경상남도 창원시 오동동 18-61,경상남도 창원시 오동동14길 29,"{'latitude': '35.2052720', 'longitude': '128.5808028'}",매일,상설장,근린생활서비스업,158,,경상남도
마산수산시장,경상남도 창원시 마산합포구 남성동 229-1,경상남도 창원시 마산합포구 수산2길 194,"{'latitude': '35.2020425', 'longitude': '128.5792389'}",매일,상설장,"수산물,기타소매업",240,,경상남도
마산어시장,경상남도 창원시 마산합포구 동성동 314,경상남도 창원시 마산합포구 복요리로 7,"{'latitude': '35.2037654', 'longitude': '128.5789600'}",매일,상설장,"농산물,수산물,가공식품,음식점업,기타소매업",669,,경상남도
명서시장,경상남도 창원시 명서동 45-10,경상남도 창원시 의창구 원이대로 189번길 20,"{'latitude': '35.2486320', 'longitude': '128.6447629'}",매일,상설장,"농산물,축산물,수산물,가공식품,기타소매업",167,,경상남도
반송시장,경상남도 창원시 성산구 반림동 17-13,경상남도 창원시 성산구 윈이대로 473번길 20-11,"{'latitude': '35.2351503', 'longitude': '128.6710726'}",매일,상설장,"농산물,축산물,가공식품,의류/신발,가정용품",132,,경상남도
봉곡민속체험시장(봉곡시장),경상남도 창원시 의창구 봉곡동145-1,경상남도 창원시 의창구 봉곡로111번길 16,"{'latitude': '35.2469711', 'longitude': '128.6720008'}",매일,상설장,"농산물,축산물,가공식품,의류/신발,기타소매업",143,,경상남도
부림시장,경상남도 창원시 마산합포구 부림동 32,경상남도 창원시 마산함포구 3·15대로 352,"{'latitude': '35.2061873', 'longitude': '128.5734926'}",매일,상설장,"가공식품,의류/신발,가정용품,음식점업,기타소매업",402,,경상남도
북마산중앙시장,경상남도 창원시 마산합포구 상남동 40-1,경상남도 창원시 마산합포구 상남시장로3,"{'latitude': '35.2160702', 'longitude': '128.5711621'}",매일,상설장,"농산물,수산물,가공식품,음식점업,기타소매업",210,,경상남도
상남시장,경상남도 창원시 성산구 상남동 16,경상남도 창원시 성산구 마디미로28,"{'latitude': '35.2222080', 'longitude': '128.6833608'}",매일,상설장,"농산물,축산물,수산물,의류/신발,기타소매업",588,,경상남도
석전시장,경상남도 창원시 마산회원구 석전동 257-1,경상남도 창원시 마산회원구 석전동 6길 32,"{'latitude': '35.2304218', 'longitude': '128.5748965'}",매일,상설장,"농산물,축산물,수산물,가공식품,기타소매업",135,,경상남도
성원그랜드쇼핑상가,경상남도 창원시 성산구 상남동 45-1,경상남도 창원시 성산구 동산로 124,"{'latitude': '35.2166948', 'longitude': '128.6920668'}",매일,상설장,"의류/신발,가정용품,음식점업,기타소매업",564,,경상남도
중앙시장(창원중앙시장),경상남도 창원시 성산구 중앙동 8-10,경상남도 창원시 성산구 외동반림로 126길50,"{'latitude': '35.2301797', 'longitude': '128.6719471'}",매일,상설장,"축산물,가공식품,기타소매업",225,,경상남도
창원기계공구상가,경상남도 창원시 팔용동 16-1,경상남도 창원시 의창구 창원대로 400,"{'latitude': '35.2339601', 'longitude': '128.6409874'}",매일,상설장,근린생활서비스,214,,경상남도
창원코아상가,경상남도 창원시 성산구 상남동 73-4,경상남도 창원시 성산구 상남로 71,"{'latitude': '35.2204845', 'longitude': '128.6794787'}",매일,상설장,"농산물,가공식품,음식점업,기타소매업",184,,경상남도
북신전통시장,경상남도 통영시 북신동 665-16,경상남도 통영시 북신시장1길 66,"{'latitude': '34.8541580', 'longitude': '128.4275206'}",매일,상설장,"농산물,축산물,수산물,기타소매업,근린생활서비스",137,,경상남도
서호전통시장,경상남도 통영시 서호동 163-42,경상남도 통영시 새터길 58-9,"{'latitude': '34.8413615', 'longitude': '128.4201033'}",매일,상설장,"농산물,수산물,가공식품,음식점업",240,,경상남도
통영중앙전통시장,경상남도 통영시 중앙동 38-4,경상남도 통영시 중앙시장1길14-16,"{'latitude': '34.8452887', 'longitude': '128.4246418'}",2일+7일,상설+정기,수산물,280,,경상남도
하동공설시장,경상남도 하동군 하동읍 읍내리 258-1,경상남도 하동군 하동읍 시장 1길 12-2,"{'latitude': '35.0700180', 'longitude': '127.7483845'}",2일+7일,상설+정기,"농산물,축산물,수산물,의류/신발,기타소매업",155,,경상남도
지리산함양시장,경상남도 함양군 함양읍 용평리 607-104,경상남도 함양군 함양읍 용평 중앙길 20,"{'latitude': '35.5185824', 'longitude': '127.7290547'}",2일+7일,상설+정기,"농산물,축산물,수산물,가공식품,의류/신발",131,,경상남도
대정오일시장,제주특별자치도 서귀포시 대정읍 하모리 1089-15,제주특별자치도 서귀포시 대정읍 신영로36번길 65,"{'latitude': '33.2204752', 'longitude': '126.2483442'}",1일+6일,정기시장,"농산물,축산물,수산물,의류/신발,가정용품",198,,제주
서귀포매일올레시장,제주특별자치도 서귀포시 서귀동 277-1,제주특별자치도 서귀포시 중앙로 62번길 18,"{'latitude': '33.2501558', 'longitude': '126.5633939'}",매일,상설장,"농산물,축산물,수산물,음식점업,기타소매업",225,,제주
서귀포향토오일시장,제주특별자치도 서귀포시 동홍동 779-1,제주특별자치도 서귀포시 토평서로11번길 142,"{'latitude': '33.2671342', 'longitude': '126.5729976'}",4일+9일,정기시장,"농산물,축산물,수산물,가공식품,의류/신발",568,,제주
세화오일시장,제주특별자치도 제주시 구좌읍 세화리 1500-5,제주특별자치도 제주시 구좌읍 해맞이해안로 1412,"{'latitude': '33.5259977', 'longitude': '126.8573711'}",5일+10일,정기시장,"농산물,축산물,수산물,의류/신발",151,,제주
제주시동문재래시장,제주특별자치도 제주시 이도1동 1436-7,제주특별자치도 제주시 관덕로14길 20,"{'latitude': '33.5115857', 'longitude': '126.5260062'}",매일,상설장,"농산물,축산물,수산물,가공식품,기타소매업",330,,제주
제주시민속오일시장,제주특별자치도 제주시 도두1동 1212,제주특별자치도 제주시 오일장서길 26,"{'latitude': '33.4965660', 'longitude': '126.4745766'}",2일+7일,정기시장,"농산물,수산물,의류/신발,가정용품,기타소매업",1040,,제주
제주칠성로상점가(칠성로상점가),제주특별자치도 제주시 일도1동 1476-20,제주특별자치도 제주시 관덕로 13길 12,"{'latitude': '33.5140785', 'longitude': '126.5261396'}",매일,상설장,"의류/신발,가정용품,기타소매업",240,,제주
중앙로상점가,제주특별자치도 제주시 이도일동 1460,제주특별자치도 제주시 이도일동 중앙로 91,"{'latitude': '33.5101095', 'longitude': '126.5239794'}",매일,상설장,"농산물,축산물,수산물,의류/신발,가정용품",140,,제주
한림민속오일시장(한림오일시장),제주특별자치도 제주시 한림읍 대림리 1698-4,제주특별자치도 제주시 한림읍 한수풀로4길 10,"{'latitude': '33.4204818', 'longitude': '126.2740061'}",4일+9일,정기시장,"농산물,축산물,수산물,의류/신발,음식점업",144,,제주
세종전통시장,세종특별자치시 조치원읍 정리 19-1,세종특별자치시 조치원읍 조치원8길 42,"{'latitude': '36.5997706', 'longitude': '127.3005918'}",4일+9일,상설+정기,"농산물,축산물,수산물,가공식품,기타소매업",326,,세종
대명여울빛거리시장,서울특별시 금천구 시흥동 889-13,서울특별시 금천구 시흥대로 212(시흥동),"{'latitude': '37.4527949', 'longitude': '126.9016716'}",매일,상설장,"농산물,축산물,수산물,가공식품,의류/신발",238,,서울
남동산업용품상가,인천광역시 남동구 고잔동 630,인천광역시 남동구 은청로4-7,"{'latitude': '37.4070657', 'longitude': '126.6935078'}",매일,상설장,"음식점업,기타소매업,근린생활서비스",620,,인천
여주한글시장(여주중앙로상점가),경기도 여주시 하동 268-4,경기도 여주시 세종로14번길 24-1,"{'latitude': '37.2975390', 'longitude': '127.6343007'}",5일+10일,정기시장,"가공식품,의류/신발,가정용품,음식점업,기타소매업",179,,경기도
진주청과시장,경상남도 진주시 수정동 25-28,경상남도 진주시 촉석로 226번길 3,"{'latitude': '35.1962454', 'longitude': '128.0866682'}",매일,상설장,"농산물,축산물,수산물,가공식품",322,,경상남도
대천항종합수산물시장,충청남도 보령시 신흑동 2240-7,충청남도 보령시 대천항로 370,"{'latitude': '36.3264917', 'longitude': '126.5068876'}",매일,상설장,"수산물,가공식품,기타소매업",136,,충청남도
광천원동시장,충청남도 홍성군 광천읍 광천리 185-27,충청남도 홍성군 광천읍 광천로323번길 15-1 일원,"{'latitude': '36.5023279', 'longitude': '126.6250050'}",4일+9일,정기시장,"농산물,축산물,수산물,음식점업,기타소매업",161,,충청남도
안산패션타운전통시장,경기도 안산시 상록구 사동 1530-1,경기도 안산시 상록구 삼리로 45,"{'latitude': '37.3049744', 'longitude': '126.8449444'}",매일,상설장,"의류/신발,가정용품",139,,경기도
안산 다농마트 전통시장,경기도 안산시 상록구 월피동 445-1,경기도 안산시 상록구 예술광장로 1,"{'latitude': '37.3283537', 'longitude': '126.8444190'}",매일,상설장,"농산물,축산물,의류/신발,가정용품,음식점업",230,afmall.modoo.at,경기도
청계상가,서울특별시 중구 산림동 207-1,서울특별시 중구 청계천로 160,"{'latitude': '37.5680551', 'longitude': '126.9953665'}",매일,상설장,"음식점업,근린생활서비스",179,,서울
오이도전통수산시장,"경기도 시흥시 정왕동 2003-8,2003-12","경기도 시흥시 오이도로 167,173","{'latitude': '37.3458715', 'longitude': '126.6882306'}",매일,상설장,"수산물,음식점업,기타소매업,근린생활서비스",172,,경기도
문화의거리 행복상점가,경상북도 문경시 점촌동 249-15,경상북도 문경시 점촌5길 8-1,"{'latitude': '36.5966792', 'longitude': '128.1992626'}",매일,상설장,"의류/신발,가정용품,음식점업,기타소매업",150,,경상북도
점촌역전상점가,경상북도 문경시 점촌동 166-6,경상북도 문경시 신흥로 165,"{'latitude': '36.5957890', 'longitude': '128.2023621'}",매일,상설장,"의류/신발,음식점업,기타소매업,근린생활서비스업",152,,경상북도
남성시장,경상북도 상주시 남성4길 43 일원,경상북도 상주시 남성동 2-8,"{'latitude': '36.4144107', 'longitude': '128.1621073'}",매일,상설장,"농산물,축산물,가공식품,음식점업,기타소매업",140,,경상북도
소래포구전통어시장,인천광역시 남동구 논현동 111-168,인천광역시 남동구 장도로 86-17,"{'latitude': '37.3979452', 'longitude': '126.7392917'}",매일,상설장,수산물,335,,인천
봉화내성시장,경상북도 봉화군 봉화읍 내성리 192-1,경상북도 봉화군 봉화읍 내성로5길13군민행복센터3층,"{'latitude': '36.8888673', 'longitude': '128.7392680'}",매일,상설장,"가공식품,의류/신발,음식점업,기타소매업",138,,경상북도
중부시장,서울특별시 중구 오장동 139-11,서울특별시 중구 을지로36길 35(오장동),"{'latitude': '37.5649746', 'longitude': '127.0018237'}",매일,상설장,수산물,510,,서울
테크노상가,서울특별시 중구 신당동 213-51 엠씨프라자,서울특별시 중구 마장로1가길 17 테크노상가,"{'latitude': '37.5688793', 'longitude': '127.0132966'}",매일,상설장,의류/신발,188,,서울
연수상가,충청북도 충주시 연수동 522-1,충청북도 충주시 예성로 319,"{'latitude': '36.9847708', 'longitude': '127.9332417'}",매일,상설장,기타소매업,190,,충청북도
공주산성시장,충청남도 공주시 산성동 190-1,충청남도 공주시 용당길 22,"{'latitude': '36.4590854', 'longitude': '127.1227598'}",1일+6일,상설+정기,"농산물,축산물,기타소매업,의류/신발",560,,충청남도
영등포유통상가,서울특별시 영등포구 당산동2가 30-2 5층 영등포유통상가,서울특별시 영등포구 영등포로 109(당산동2가),"{'latitude': '37.5224790', 'longitude': '126.8939771'}",매일,상설장,"음식점업,근린생활서비스",1250,,서울
고려쇼핑센터,부산광역시 사상구 괘법동 535-11,부산광역시 사상구 사상로 207,"{'latitude': '35.1636280', 'longitude': '128.9841832'}",매일,상설장,"농산물,가공식품",151,,부산
